id,predict_label,prob_intrinsic,prob_extrinsic,prob_no
b709059b-b3b6-4ac2-bb88-2c794e2cc219,extrinsic,0.101206444,0.8917914,0.0070021707
7dc35ef5-c4b7-4538-ab90-627b9cbd896e,extrinsic,0.09478671,0.8548939,0.05031941
cfdfa010-f61c-4845-91c9-23f79be2b88b,extrinsic,0.025537841,0.95757324,0.016888814
31b33c97-2f59-4e72-8707-f47de204d7f9,extrinsic,0.4814951,0.49783728,0.02066762
a2c83a00-e8b7-4236-86ce-5e0104df074a,intrinsic,0.89324826,0.090909235,0.01584247
c5972f72-948c-4907-a0d9-5a5077d263eb,intrinsic,0.5145153,0.115282595,0.37020218
c9cb5df4-6c6a-44db-977f-b5a9d59926f0,extrinsic,0.09290906,0.57429034,0.33280063
87ae8fca-aa1d-4ba4-bebe-fed2c811dd29,no,0.017228762,0.009614305,0.9731569
faa318fc-0679-486c-98fd-54823a2374f9,intrinsic,0.98544437,0.011429876,0.0031257186
1d0a69e2-146d-492a-8c4a-3f77b7395c6a,extrinsic,0.23565978,0.7424691,0.021871163
67e63111-c12d-4c63-be4e-d84f9f532a6b,extrinsic,0.418022,0.5752009,0.006777077
147fa13b-ed91-442b-aa56-1efa8a3e4484,extrinsic,0.014627911,0.93820417,0.047167994
f3c5798c-82bf-4718-824e-ecbdc5d5ea1f,extrinsic,0.05069031,0.9273052,0.022004463
74bff9f9-90ba-4a2b-9e94-062f6727b1b4,no,0.013834882,0.006956632,0.9792085
2ef86070-adc5-4d5b-8f37-b8e8e0711737,extrinsic,0.1043823,0.86503565,0.030582078
52b16a7d-6c31-4ef0-910b-b3c9524d2aa0,extrinsic,0.12961623,0.8590571,0.011326637
0cbaa260-29c7-46ba-8762-c19f795c9715,intrinsic,0.9653216,0.02424595,0.010432539
be1605fb-5ddb-4620-a483-e73270ccc3ab,intrinsic,0.62969244,0.033243205,0.33706436
a97690f9-2109-450d-b52e-fd66538ac80e,intrinsic,0.894908,0.09611216,0.008979839
53eda0a3-8b61-423b-9e97-8f9dc7899da5,extrinsic,0.03903855,0.9515499,0.009411634
c984c8c1-0505-499f-a418-030a972f87b4,extrinsic,0.036077864,0.9075425,0.0563796
911e2881-3297-451b-b9f7-a3842688e811,intrinsic,0.85518247,0.13497233,0.009845244
d95f6c1c-bf53-4d9b-8245-ceffa88f5366,extrinsic,0.35432217,0.3832709,0.26240695
3587ff61-22e7-4248-b697-e3b86bafb324,intrinsic,0.74048716,0.24741502,0.012097825
28474ed7-0f88-4b49-9948-d9280f01cdf2,no,0.015696121,0.01102284,0.973281
1d482b01-5f17-40dc-ae68-2496571cc900,extrinsic,0.1189157,0.87130725,0.009777082
d4df3d68-bbf7-4271-a4e9-a3cca9dd18b5,intrinsic,0.93066764,0.06469049,0.0046418607
6817a7a4-438b-4f6c-9afb-bfdd7640b938,no,0.03675739,0.024330588,0.93891203
9f7e65e5-dc55-421e-8b2b-d5ab62cba1c6,intrinsic,0.945514,0.04617944,0.008306624
95617e9b-4aad-4e0f-9837-8f3b2f19aab9,no,0.024126176,0.03472981,0.94114405
6a2a73e3-a709-497b-9b21-e43974c8ed11,extrinsic,0.018533291,0.9603237,0.021142967
0838092e-cc53-46f2-b70c-698ec63adb92,no,0.028887454,0.030102681,0.9410099
ae7ea16b-f316-4c1d-b0d0-7f2a1465cdae,intrinsic,0.881863,0.11171199,0.006424997
6753d640-2495-4e56-b7ba-7a0cba741d42,extrinsic,0.087274484,0.90340805,0.009317555
fba48cb8-665c-4d8b-9cd3-affa84bd973a,intrinsic,0.9233009,0.062530085,0.01416903
dd3de1a6-21f0-43fa-a50b-55ba853e1f2d,no,0.023984717,0.26591566,0.7100996
c42af041-9f49-411a-8b6f-0bf4ceec1cd3,intrinsic,0.57586133,0.27837902,0.14575963
24f0ade9-de2a-44de-bdd4-c0e8ee9e768f,intrinsic,0.968852,0.024469443,0.006678511
6cdb1a88-d3b1-416d-a3ab-89a52f6cd2cd,intrinsic,0.8788421,0.10860459,0.012553273
833ef7fb-8da2-4e02-824a-9401668f1c23,intrinsic,0.85839945,0.12708145,0.014519106
7575b8cf-4deb-44c9-9329-071da25d919b,extrinsic,0.123932905,0.8582405,0.017826628
719b4a68-6b6a-4c55-9e4f-9b91ac42c80f,no,0.042065836,0.03424232,0.9236918
a1886042-c759-4987-8ca1-6b0bcd0e7cf3,extrinsic,0.046807308,0.9395315,0.013661234
73276dc7-d9d9-4c7d-9490-f16944ab5600,intrinsic,0.9835053,0.010907778,0.0055868644
0527270b-eb9f-4f9c-969e-990d4fedf740,no,0.059129205,0.10055301,0.8403177
f05c0dec-152e-45b5-bd67-4877d24f8f6b,extrinsic,0.124689706,0.85286707,0.022443134
b95e1113-c4de-4a71-840e-ca737e60222d,intrinsic,0.7847794,0.20803383,0.007186697
65473e52-7738-405c-a3b3-fbc5896e03bd,no,0.27651486,0.2413613,0.4821238
93895c19-e978-4d68-9f62-7dc9dd0c8793,intrinsic,0.9495385,0.04560167,0.0048597706
f3659a06-b537-4fd0-95e1-d5cc2f8bde4f,intrinsic,0.9591858,0.037148964,0.003665255
9c463d20-ed7f-4b76-baa5-12c214987315,no,0.049871508,0.014015294,0.93611324
dd205f51-9579-496f-86cb-c48c6921ad95,intrinsic,0.98342544,0.010749476,0.00582508
6ba0f481-14ce-4268-be62-2ee1912f313a,no,0.015616671,0.020125978,0.96425736
9380ad73-a84c-44ec-9f3f-a8081c6558d3,extrinsic,0.12994365,0.4854483,0.38460803
256bdd5a-fb4a-43da-8c0d-06c0bc27871b,intrinsic,0.74763197,0.2483725,0.0039955736
8e49b0bb-92fd-4794-8172-dc200f89ad1d,intrinsic,0.80465686,0.18948306,0.0058601415
1f28d882-0bac-4f12-a5d0-10425958259c,intrinsic,0.9794806,0.017320784,0.0031985582
32ca8a1c-2a40-4bf0-87ca-3706dfe69ba7,intrinsic,0.5258594,0.45617342,0.017967155
0ce11603-74e6-420b-be2a-73ad36a04cf3,no,0.011917662,0.011058708,0.97702366
03a5b309-cc61-4bd0-a4b7-f0727f834cd9,intrinsic,0.9797682,0.011532023,0.008699753
6dd5e6db-7bc2-4681-b25c-fbfd4c299ef3,extrinsic,0.0456123,0.9464822,0.007905485
57362930-a2b1-4881-a67e-0de662709881,extrinsic,0.034464058,0.86829,0.0972459
f85980d1-9e99-42e9-a078-d2d1f51a84a8,extrinsic,0.051270116,0.93713725,0.011592634
9ad500c2-252f-4cf9-a724-9a5461de8e21,no,0.08543018,0.04296797,0.8716018
83bde43e-6ab5-4440-8694-b36e763ab138,intrinsic,0.96152174,0.033835206,0.0046430617
6e4fc174-49f9-47d5-9259-6fde9d5d3c18,extrinsic,0.031701926,0.959794,0.008504122
288bafa4-5e05-4c33-8441-f8ba187661ce,intrinsic,0.9413517,0.045429826,0.013218514
8896fcbf-9580-426c-a48e-799819e884e8,no,0.016372107,0.038266443,0.94536144
d2b0536a-5175-4152-8fda-955f3bc0c1cf,no,0.019666353,0.033923212,0.9464104
4bf428bf-f017-4e60-a58d-69f6ab1db1ef,extrinsic,0.05140702,0.94177526,0.006817732
8407795d-fc74-45dc-b951-d75b9f0cb91a,no,0.010829638,0.013157384,0.97601295
60f3cd4d-8f5f-462e-bdc8-103b143ccf6d,no,0.042931397,0.038626302,0.91844225
ff4d20c6-3283-4254-add8-253627510e66,extrinsic,0.016507726,0.9767991,0.0066931895
b27a3cb5-dd27-4bac-b41f-ee81715e0d51,no,0.036179848,0.06464074,0.8991794
d110d07b-1870-4435-adc9-ca265ec03ac4,extrinsic,0.04655142,0.94651645,0.0069321697
df45d856-d981-4991-bd75-1e8cc9947cc4,intrinsic,0.9360522,0.05825782,0.005689964
089856d3-082c-4846-998e-b35f19a97876,extrinsic,0.31470212,0.6639836,0.02131431
65864497-7f4e-4c5b-a9fd-b8f3cdd71f28,intrinsic,0.41733962,0.25734726,0.3253132
7b06f09b-ed14-4192-913e-6d6a1bb8f2db,extrinsic,0.05531341,0.81431663,0.13036995
b55a4411-fc0f-48df-9803-5b7600701314,intrinsic,0.9388925,0.041222148,0.019885415
8fe37da7-6997-482b-beb0-704212e970c6,intrinsic,0.91082793,0.08575401,0.0034180388
af7d20c7-0d77-4207-a3f2-4ec7ee61680b,extrinsic,0.020535871,0.97053236,0.008931822
4b978a58-d835-4550-ab3d-f1583cea4ca4,no,0.026323661,0.10021798,0.8734584
1629a816-e3ba-45bc-b0ba-90b9de853bfe,no,0.023639621,0.019852668,0.9565077
1975efcd-c7fc-4375-98b5-aee3e177da4c,extrinsic,0.2460941,0.5916183,0.16228761
90f39fe9-8961-47c8-83a6-61663a8166f1,extrinsic,0.021590577,0.965357,0.013052477
9f9837fe-a9a6-48b8-ac88-7576d11bcfc5,intrinsic,0.94062686,0.05748877,0.0018844011
d2a133cc-6604-4d9c-8a6a-7a03a06871d7,no,0.026444491,0.08084314,0.89271235
b7ebf9e3-9dea-4933-a140-e7a6527c1df8,no,0.01095637,0.008456032,0.9805876
84e92bc9-fef5-4393-9368-0f9082abd4cd,extrinsic,0.46473247,0.5218455,0.013421979
ccfc5fa2-05ed-4682-bec3-f34c54ab7dd7,intrinsic,0.966738,0.022669733,0.010592265
f833b079-b02e-43a5-942e-7cd82701e826,extrinsic,0.02566392,0.95157903,0.022757117
cc59c1cf-858c-45f7-ac83-501e3e4d32a0,intrinsic,0.90228045,0.09218423,0.0055353167
a13e7165-b9e2-496e-944f-624cb8b22840,no,0.04803319,0.110648684,0.84131813
f3640a0a-5db5-41ea-9b54-35c9ccdc1c48,extrinsic,0.050622065,0.943781,0.0055968924
76e1958a-19e9-494d-82da-ee4ed2965fe3,no,0.03337277,0.10161301,0.86501426
bef3a421-7c31-422c-89b2-53379ab1af10,intrinsic,0.806219,0.18874516,0.005035835
a3a2f092-d3ba-46f1-bef0-0d43d3fc00fd,extrinsic,0.027687969,0.96736175,0.004950247
e15a2c06-fb77-498e-89ed-d4cda4eaf418,intrinsic,0.894511,0.095221385,0.010267568
c02d7d3b-5f50-4568-aad4-0bbfe710f482,no,0.02379846,0.013798616,0.96240294
d8ad115e-8777-4a25-b84a-40d434d2ae71,extrinsic,0.023281487,0.9663508,0.010367746
32e7a3fa-1818-4228-a11d-89de3191be12,extrinsic,0.043428663,0.94284946,0.013721897
d907e74f-8c5f-42fa-9cfc-5f5f79dde00a,intrinsic,0.8693505,0.028584542,0.10206501
fd301105-2147-471e-ae04-a18a07ee0804,no,0.010531693,0.0102927415,0.97917557
2f8d2653-6fad-4996-891b-b805c08a2f4e,extrinsic,0.058366407,0.932383,0.0092506
1b195dde-72ae-489b-a21a-525eaf468913,no,0.010147623,0.008709244,0.9811431
5f600ddf-c105-42d7-8688-52fbe91b2c67,no,0.014336069,0.010500187,0.9751637
1b5eee76-c3e3-4960-9e87-09c53d139a7a,no,0.019012257,0.0091289105,0.9718588
2771f5fe-ab85-4f6e-a8bc-9e7fe3a05bee,intrinsic,0.5372851,0.45640332,0.0063116373
d42d7476-5270-4125-89b1-7fb7ea45dc8c,intrinsic,0.76668423,0.16050883,0.07280701
e8d6bc64-4b57-43d9-90c5-045f9fc66b7b,intrinsic,0.8533197,0.10622418,0.04045606
c460e3e1-e7e4-476c-b8e6-400e0d3cccc1,no,0.028823607,0.026043415,0.945133
0136221d-c3ce-4986-8502-486fe86406fe,intrinsic,0.6034248,0.37863883,0.017936317
20756147-7473-469e-a22c-3a384dfe48e9,intrinsic,0.88894635,0.07035491,0.040698793
e6207295-8b56-4430-973b-b586334e3271,extrinsic,0.24342743,0.74116015,0.015412454
e18b2e6e-239e-42a6-a3c6-0862b7a0bf66,no,0.009670811,0.006320764,0.98400843
3a282882-ccee-4136-9488-164e36271480,no,0.028864067,0.018610299,0.9525257
e0dd1ce1-fb5d-4d8c-9a15-7fafa8e41dd0,intrinsic,0.87034464,0.10328614,0.02636923
fdbd59a5-f0df-4a76-b1d9-28a55363b01c,extrinsic,0.06467781,0.9242579,0.011064249
fbdc72df-ca19-40a8-b5a8-fba45cae9081,extrinsic,0.22077619,0.7723942,0.0068296157
3d0a8bde-658b-44f8-9ec2-5f0b61b39592,intrinsic,0.9471165,0.047597557,0.0052860305
7664310b-92e4-43d7-8110-7d9ea3b842bd,no,0.028225048,0.14021485,0.83156013
830e6e6d-dd88-4d7c-ba77-a3c99efae165,intrinsic,0.9227559,0.03638302,0.040860947
982e279f-06cd-4c89-87aa-f44b8f335c1b,no,0.051630415,0.064341895,0.8840277
e71fa3b3-9443-49ea-a7fb-109e15acd48b,no,0.12572967,0.17264874,0.70162165
70d8edbd-8c63-45d2-a230-e159773a1bef,intrinsic,0.9559845,0.03760261,0.0064128283
4b1214c2-0d35-42f7-a05b-c82986f2efb3,no,0.08432358,0.054924455,0.860752
c61d6fa0-1fae-46bf-ab20-7081478ab11d,no,0.22358413,0.119944036,0.6564718
c0b94542-5346-4a28-82ff-7748e2325510,no,0.11043596,0.14391279,0.74565125
56fd33c4-9d26-47cf-a11f-8eec87286ed0,intrinsic,0.95520145,0.039314546,0.0054838764
0dd54bd9-59de-4d82-a647-b3a12ec70ca1,no,0.08571663,0.025436645,0.8888467
99f2bf5d-e7aa-430e-8869-ba28b9ab2e56,intrinsic,0.9794277,0.01627386,0.0042985654
81086ad5-6432-4461-8acb-8bf31497db8c,intrinsic,0.9675223,0.030391512,0.002086232
d4e6b0b9-34c7-493c-abaf-69f5639775d3,no,0.05115959,0.13885602,0.8099844
23f21852-6dcf-4ea3-bdff-2e7c9baa6fcc,intrinsic,0.6886846,0.29768258,0.013632814
53a4fc54-20b5-4a81-8514-c84815ea58a5,intrinsic,0.9399975,0.042270273,0.017732222
645f1565-4910-4be6-b4f1-383a0e782da9,no,0.00940073,0.009071468,0.9815278
3604e359-1d64-4239-b40c-2bf85850d30a,no,0.06161719,0.12296101,0.8154218
6f235f13-4011-4337-a395-75f779095cd4,no,0.009043075,0.008817894,0.98213905
87eebba1-88f3-4bb7-a40e-21f8fef43383,intrinsic,0.87577564,0.114106305,0.010118139
5854b5db-3b17-41b5-a140-836b3adcadd0,extrinsic,0.026761223,0.96659845,0.0066402997
dd71e459-9eb0-4aaf-af8e-000250b16a6c,extrinsic,0.043168165,0.95281,0.0040217414
b7ac89d0-2e13-473c-a01e-a8d0c2acf667,intrinsic,0.88272,0.11215479,0.0051253075
e6920c88-2785-40af-9245-aea04aa81f32,no,0.015343772,0.009717726,0.9749385
8b0acca3-c469-46b3-b4a8-41b9b0cb95eb,no,0.013372581,0.010946291,0.9756811
450408cf-89da-42ac-a4e0-c22b303e8d03,no,0.08224229,0.040532768,0.8772249
75314246-18e8-47ec-b012-c94288ee55c7,no,0.11546139,0.080417305,0.8041213
13bec668-1364-4ad8-9b98-a4f2ddfdac96,extrinsic,0.07478048,0.89277416,0.032445308
d79a0908-ccb6-4a7b-a136-e45fbb40cab1,extrinsic,0.107670575,0.87066793,0.021661459
903b5abe-386e-4688-9a60-090164e87ac5,no,0.019779023,0.012031696,0.9681893
ef5217a8-ddf8-4c69-a577-eba06883a47b,no,0.017860182,0.030427122,0.9517127
bd1c521f-a89c-4f3c-ae66-3213effe919f,no,0.3824907,0.20523883,0.41227046
9b03f897-e303-45fd-99a8-04ad6f1ac3ac,intrinsic,0.96647537,0.026193198,0.0073314877
a72295d4-eff5-4d50-8b28-38c0d41d46c4,intrinsic,0.9633242,0.033738863,0.0029369167
e35d2ed4-9227-4ccc-8be7-a465d4d0bdc9,extrinsic,0.12135899,0.8704009,0.008240114
7092a5bb-91bc-4326-8c0d-a93fc22ca17c,extrinsic,0.07440075,0.9202375,0.005361701
79468a93-9874-43f1-8889-3b8bd2d9cd28,no,0.047951736,0.049066607,0.9029817
d04af7ef-086b-4dd2-9462-d4314cbe600a,intrinsic,0.9866253,0.0115642855,0.0018105009
36285282-31ca-451d-a293-52691422344c,no,0.016158681,0.009821984,0.97401935
ecfea44b-ff1e-418d-906f-8ebaf1b3ffc1,extrinsic,0.03181406,0.95657575,0.011610138
63aef649-8f02-46c2-8588-9966b78376f2,extrinsic,0.052330196,0.9424985,0.0051713903
41bd6622-45bc-4fa2-9f08-2fa44e8c731c,intrinsic,0.8908573,0.101348564,0.0077941185
4a0b9871-d7b8-4c80-b84f-179da0442e75,no,0.010262398,0.007739505,0.98199815
da83ece8-a746-4cc8-b25e-619f3e447d8c,extrinsic,0.04094507,0.9538615,0.005193444
9a5ab87a-b9e8-40a1-b99c-66b5670e89e5,intrinsic,0.7714638,0.08494596,0.14359026
d21770fe-9094-4312-93b0-76b7b493744d,extrinsic,0.03246687,0.9630172,0.0045159017
54f9f08a-874e-4a92-ad18-dc3846f196b8,no,0.113989145,0.12302262,0.7629882
92024210-de28-457e-88ef-a0dc751fb30a,intrinsic,0.9543518,0.0361258,0.009522443
9fbc72fd-4300-4e4f-a93f-9387bb21f4a6,intrinsic,0.7003005,0.28589973,0.013799714
f1bc5ce8-4c76-4207-97d9-90a749ac4d6f,intrinsic,0.7537707,0.1886838,0.05754552
85bb5209-027c-40ed-90ab-e9ae80b2aacc,no,0.14270148,0.21941972,0.63787884
523bf72c-012d-4458-b1c4-5d5de5dbee09,no,0.015750403,0.010887321,0.9733622
21ad0f9e-4e98-4493-a79a-7fe518262dba,intrinsic,0.5751993,0.27890766,0.14589305
21e8277c-ece0-4c6d-8241-14fc01c1f341,no,0.035874277,0.10011282,0.8640129
a60d2858-9853-4a85-8a66-012971ffca9f,no,0.018450066,0.009447033,0.9721029
4c905586-5b38-4e71-9157-c2930c8ef07c,no,0.081936635,0.10883219,0.8092312
8ad85409-86b7-4be9-a268-2d4c1474bebb,no,0.04526421,0.027095508,0.92764026
122b124f-91c0-452c-b066-417f72ac75b0,no,0.10989912,0.0488374,0.8412635
c40c8d57-8846-4486-9f80-c6129660db56,no,0.011874451,0.007442874,0.98068273
1883856a-4ac3-44fc-b6da-f81984156a65,extrinsic,0.065613605,0.9297994,0.004586988
7afa31da-c29e-44bb-b024-77797da9bf21,intrinsic,0.9263673,0.06503596,0.008596736
90979102-f245-4a5a-88e5-f783bb99140f,no,0.01900547,0.008215964,0.97277856
91afe2f2-7db3-4a49-8cc1-30663b7e9978,intrinsic,0.6729921,0.30247962,0.02452827
e302be7a-b024-47f4-bfbf-30c5a1a9f53f,intrinsic,0.5043911,0.42627656,0.069332354
1ae0843c-552a-4111-ac9f-fd37ed37d97a,extrinsic,0.21396899,0.48750308,0.29852787
d0538b22-df66-4e91-a8d7-79a257f06546,extrinsic,0.047076695,0.9365348,0.016388496
7a83034e-bef4-4579-8c46-ab6ad270f07a,no,0.4240596,0.15063976,0.4253006
80618f95-d0bc-4c4f-9443-b92dc97483bb,extrinsic,0.103120744,0.8738648,0.023014365
1dd98f3e-c961-435e-b748-3a0f4c69ba0e,extrinsic,0.012283013,0.9779252,0.009791776
e28838d0-c48c-4d92-8773-b3a514cddc8a,intrinsic,0.880739,0.06491304,0.054347992
f33f1fb1-a1c7-483a-83da-ad75a92c4470,no,0.042288665,0.029981282,0.9277301
934c5895-7790-4dcf-b640-b14af84edd92,extrinsic,0.11330026,0.86186606,0.02483364
7efba304-016c-4f50-aac5-73098aa1b5d8,extrinsic,0.022169854,0.9483088,0.029521374
83035e2a-9e3b-4e2e-88ec-cd8019863ca6,no,0.043861855,0.07391956,0.8822186
dd9dd4af-e6e1-46e3-a104-0a19cf035726,intrinsic,0.9709937,0.024838937,0.0041672676
c4aff211-b3ad-4962-8bc6-c98017275b53,extrinsic,0.03911859,0.9544966,0.00638478
c8fed078-2a3d-4228-983d-650f0ad013d6,intrinsic,0.8536102,0.1402121,0.006177623
03d73e83-0234-476e-86cd-4ccd434baccf,intrinsic,0.9690636,0.023477538,0.0074588708
ebfcacb6-7464-4db7-af36-e4d5d1754ff8,intrinsic,0.94359714,0.045914594,0.010488241
e793bf60-1fad-49a4-80dc-e03b87c92f3c,no,0.009357291,0.008465031,0.98217773
b5975b5d-66f8-42ac-935c-82f522d558e1,intrinsic,0.9472056,0.045125253,0.007669139
f1465f78-ffcd-4164-bbb2-cc79e63b59eb,no,0.031594805,0.09838545,0.8700197
9061f6c0-6c46-4629-b7d6-cafac614f2b3,no,0.03234228,0.025233356,0.94242436
752bf02e-d736-4308-aaa7-f91f5c49be7b,extrinsic,0.05958741,0.9316601,0.008752525
87694233-a4ea-4125-9a46-95572babd08c,no,0.041082926,0.04690995,0.91200715
c898d23e-9bf4-48e6-9f1c-18dfbda2722a,extrinsic,0.01549705,0.9715228,0.012980094
a163aa9c-4350-4bfe-912e-6128ccb4c272,no,0.05689533,0.19882989,0.7442748
e9e593dc-cd61-4eea-8b3b-978987d27c57,intrinsic,0.80989414,0.18228444,0.007821412
5298bb1c-df10-4de4-8094-59425d82cb27,intrinsic,0.9309105,0.06596177,0.0031277095
e9e80d1d-7239-4f36-9a08-75682f1dd08b,no,0.02263486,0.031053847,0.94631135
b55f97c3-3a4c-4352-b1c3-fefa5c2874b8,no,0.11985507,0.40657637,0.47356856
916284cb-a32e-4521-874f-2969592fa104,intrinsic,0.93661994,0.05838239,0.0049976218
8cd5735e-41c4-4095-adbd-c41e2869d9e1,intrinsic,0.90500844,0.0867945,0.008197164
e3e34d99-8134-4ca3-9859-ac9540dbdd9b,extrinsic,0.017873542,0.97454643,0.0075801252
d7fb0ee2-ab27-4b24-b66b-a543cdeedbb7,extrinsic,0.011848163,0.977626,0.010525872
e2bee291-5731-4aa5-8dda-b69160b1935c,extrinsic,0.05760625,0.9249056,0.01748812
61b93cdb-8e19-44b5-b4cb-233b450d8585,intrinsic,0.95622957,0.035880964,0.007889462
e0f6f8d7-375d-4d0e-b258-6de95f0f58f1,extrinsic,0.06996737,0.92548704,0.0045455727
25b0fa47-6484-46d1-bb50-b73cf0c6d149,no,0.018558526,0.030174023,0.9512674
1691093a-3b29-48fd-8862-7f4c4404fc91,no,0.006275797,0.005406465,0.9883178
9008a760-c55f-4141-ab39-c3245d89d731,intrinsic,0.9557388,0.04065431,0.0036068906
13118f3a-1a44-4fd9-9696-c43be3df4ab5,intrinsic,0.9829503,0.015971191,0.0010784868
f0029de9-8aa7-4068-b078-9ccb565c06b4,intrinsic,0.87836176,0.08585844,0.035779733
d9c1f39e-89fa-456e-8d69-79dc00d9bd0c,intrinsic,0.9182588,0.073294505,0.008446706
0ca5cdcf-a5a9-4c31-a728-af82db98a3d8,extrinsic,0.0671083,0.89592737,0.03696437
da87ad40-62dc-4644-bc57-d8ecb5c706c8,extrinsic,0.028975544,0.9078771,0.06314744
88701ec3-64ba-4478-885e-59f4e6754be6,no,0.016219772,0.082788765,0.90099144
99b7bb23-c3bc-4298-8300-d90be54bd0fc,extrinsic,0.036505736,0.9210901,0.04240415
4e6fda16-ab40-4e63-a87e-a058d5a2e982,no,0.023758294,0.11605742,0.86018425
bfd51b6e-5579-449b-a62a-a64f8655948f,intrinsic,0.7710777,0.22467284,0.0042494102
99b23173-5446-4bc3-8762-6280dbaf74c0,extrinsic,0.15346648,0.8266065,0.019927036
fab72bbb-f9f3-4bf5-91a7-337c659c0be8,intrinsic,0.8973281,0.09764285,0.0050290893
8fffcff3-31ea-457f-a7ae-4892079f69fd,no,0.021649716,0.019671027,0.9586792
0b9d4ccc-e7dd-42a4-a542-ffc1b0a78d6c,extrinsic,0.029068526,0.96645474,0.0044767214
c233417f-dcee-4174-91ae-d6d3b3813563,extrinsic,0.032376353,0.9636012,0.004022392
59e12f32-735d-4444-b4af-4c91c75a798d,no,0.0098347245,0.00776706,0.9823982
dad4821e-12b6-4a3a-84b1-b4d269c523b0,intrinsic,0.9363412,0.059740815,0.003918049
706a0ee5-055c-4dac-b598-166c2a057b53,no,0.07036264,0.34097654,0.58866084
b9500414-524b-41fd-a283-12a8cd086cf9,no,0.038076013,0.19793159,0.7639924
6cbe351a-cef6-45a7-b284-dafa30129690,intrinsic,0.5079767,0.0803504,0.4116728
bcedd3e1-ab81-49b3-872c-ad0928e81abc,no,0.37774014,0.14045486,0.4818051
a8de6770-298b-4b77-856e-fb001538a225,intrinsic,0.9410501,0.055135053,0.0038148328
2096954b-ac1a-46ae-9ac4-9c346105b208,no,0.26354834,0.29511362,0.44133803
7945baf9-498e-4718-a193-ea52950e081d,intrinsic,0.9385057,0.04733324,0.014161015
2e57ebf8-c9eb-4cee-a05c-1ad3a50d272d,extrinsic,0.3980036,0.589783,0.012213326
12b31f56-b45a-42bd-b5ff-9b8fa9de1c37,intrinsic,0.9617529,0.02169401,0.01655301
19359339-cbcf-4d63-ab00-2a87cc2e74d5,extrinsic,0.026673082,0.9652776,0.008049313
31081e5b-1890-4df5-ad45-3a600614bca8,no,0.022719773,0.012371303,0.96490896
6a6bfdc2-6249-40fa-9d84-132e0de21446,extrinsic,0.053082358,0.92970365,0.017213993
0f58fdad-6c28-4e75-99e3-5666a3b0c4e6,intrinsic,0.787126,0.14452973,0.06834424
bc8afddf-bcc0-4fb5-a7ec-bf3369e2b403,extrinsic,0.030716443,0.96507895,0.004204593
3778be96-f6cc-4033-9604-bd747a90ade7,no,0.012573939,0.008499049,0.9789271
40439bef-0b73-4558-b906-3ac18bf3d7f0,intrinsic,0.9355366,0.06108123,0.0033820516
f38c2d73-e9f8-418d-b6fe-720c4fb66693,intrinsic,0.96264714,0.030481322,0.0068716337
1ea2c13c-66c0-46f4-80ac-b1555fa1cc71,intrinsic,0.962589,0.025910022,0.011501037
a52476e1-e1b5-459f-9cb2-7cfd3e49dfe9,extrinsic,0.03692787,0.95637184,0.0067002727
b893d2bd-b271-455f-85b8-9cef16789bcd,no,0.0226941,0.022575095,0.95473087
1d7eefcd-58cb-43d1-ab5f-ea2203b7b87c,extrinsic,0.0807231,0.9087915,0.010485464
1dcdbeff-76a6-4cfa-b3ac-9002d2b5f8b2,no,0.03809126,0.03153298,0.9303757
c76923b0-e183-45f6-b894-fa4673529395,no,0.016471613,0.0075030723,0.97602534
07c6ffdb-49f3-4ff9-99da-dbbb3d374e13,no,0.04596268,0.036174793,0.91786253
24c557ba-8c37-4fad-916b-b340fa6211da,intrinsic,0.9746342,0.022265228,0.0031005915
def56fe0-a0df-461f-9dc3-8d97734ff6c7,no,0.0072103892,0.0048833066,0.98790634
0f371b68-250e-4af8-901e-5e0980718c18,intrinsic,0.8053391,0.19056457,0.0040963115
ae4c57fa-f8ea-4a68-8ee9-e14ca4a2f463,intrinsic,0.510873,0.3883055,0.10082145
aaa2e4db-654e-4330-8380-42ec4ea8631e,extrinsic,0.029609863,0.9610773,0.00931294
4462119d-c2fb-4edc-9f80-340acd4e2fd5,no,0.031702597,0.042989668,0.92530775
b4cb1e5d-2a9f-42bb-9b5c-223117198428,intrinsic,0.94831985,0.04425709,0.0074229497
d70f7fd7-0ce5-47aa-a58d-2d9e8c1e7523,intrinsic,0.95641357,0.037938856,0.005647551
710199c2-96b0-4444-9369-394b73d63af9,intrinsic,0.766254,0.21412562,0.019620385
9c52867a-8b54-43ea-904b-1180c59a8fd5,extrinsic,0.120842576,0.8407567,0.03840065
d2ea3638-d004-4696-af17-a2626af6453d,extrinsic,0.2035711,0.7783378,0.01809116
5dd1a63b-3038-4608-982e-2c598612aff0,intrinsic,0.972179,0.02289435,0.0049265893
66fa4bfa-7943-4422-901c-e43cba6b03e1,no,0.018332442,0.010365677,0.9713019
5a780eeb-d7d6-4adf-9525-76546c1d4f40,intrinsic,0.8102813,0.1308553,0.058863405
7324dcb3-e9e0-404a-8301-45edb1f15230,no,0.07043725,0.08233872,0.8472241
461a8536-85bc-4e2a-9fae-ee445aef5827,extrinsic,0.11691165,0.87506205,0.0080263065
a835b84b-251c-4adf-b63c-b6555644b1b5,intrinsic,0.7113393,0.27959362,0.009067118
0115804d-2ef9-4f6b-ace3-70e706b15c1e,no,0.0162694,0.008172436,0.97555816
987b08af-b2d7-4b4c-ad66-57aa8b8ea3a0,no,0.035143454,0.014786129,0.95007044
ee636efb-5572-43f3-909e-b1dfb3352512,extrinsic,0.0331088,0.9490924,0.017798826
1eeb273f-7b4a-4ee3-8a43-f984bcd3813d,intrinsic,0.92651516,0.067994244,0.0054907063
d59cb34e-c6a8-4621-a65f-6fb272ed1bb7,no,0.012374989,0.015397348,0.9722277
b3fad772-1830-4a39-b3df-24c8a2f392db,no,0.023323758,0.1365994,0.8400768
1a06c574-8962-440d-86ab-ca13507d05e2,extrinsic,0.08359204,0.7613902,0.15501784
cf30732f-ac15-4b24-becb-96c17f4057ff,extrinsic,0.042692795,0.89401406,0.0632932
c8f882b7-37f5-40fd-b63d-ee4b3b8f1580,intrinsic,0.9037883,0.091975376,0.0042363545
5ba7fe8d-4855-42e2-ba97-5ba45496a9f4,extrinsic,0.027810015,0.69320536,0.27898473
a3855c54-6ea3-44be-91e3-aa1f8d3d9ee7,no,0.2987604,0.13301009,0.5682295
f6d8eeb9-91b1-4a27-a9f6-3f4c7c6b2c81,no,0.040321983,0.04330122,0.9163768
b2783911-7c05-4ff3-9056-ef199cd8217a,no,0.010560497,0.0065342574,0.98290527
6085a80e-7510-4e91-bcc9-a8d7eee3981a,intrinsic,0.93612856,0.057392724,0.0064787106
76ddc00b-1101-4540-8da4-46b945125879,intrinsic,0.93542457,0.048758306,0.015817115
8afc8c33-0653-4e07-bd1e-13b899bbd203,extrinsic,0.046231613,0.90188545,0.051882926
4530652d-c734-4577-bcee-8d332749ea57,intrinsic,0.7728894,0.031955276,0.19515534
33b878a4-93bc-49b9-a21e-6453c8ccb4ba,extrinsic,0.06958083,0.92145264,0.008966433
514eecff-ff43-4521-a1e6-917446d07c13,extrinsic,0.27570462,0.7166641,0.007631293
6c47ee1b-2cdf-49af-8dd4-8455b2a927ff,intrinsic,0.94945264,0.045728747,0.004818608
bf423612-e2b3-458b-b40d-730d3d484ba2,no,0.010745519,0.009373419,0.97988105
0743f801-9ebe-47ec-950d-c50877f7c658,no,0.018163674,0.021265216,0.9605711
9e3f452c-4253-46bd-9b40-332f512b164c,no,0.040267304,0.0490433,0.9106894
e562d5f0-dd81-4399-be78-980765ef864e,no,0.020174604,0.041430805,0.9383946
aec27da3-7865-4f00-8b85-2d1a94aff06b,no,0.035436437,0.043659266,0.9209043
5fa0df40-3858-45a3-b82d-62eb97c2939f,extrinsic,0.02824438,0.95916206,0.012593484
990a4dcf-0ae0-4c7c-aecb-0befda2750f0,extrinsic,0.13449958,0.8422333,0.023267139
966fbb07-328c-4168-831a-57f0a8637ce4,no,0.018792532,0.019299489,0.961908
1236b9cd-9fb5-4bcd-a44d-e93ca37af51a,intrinsic,0.9786551,0.015753271,0.005591614
f2c58e4c-c4f2-4a72-b2c4-90f690334426,no,0.01667032,0.021154277,0.9621754
964a3b3b-9a12-447a-bc33-648782ab271a,extrinsic,0.11702765,0.87288445,0.010087911
c8d90b13-50e0-4257-a309-8b46daf5ef25,extrinsic,0.11542517,0.87276083,0.01181394
30645723-b365-444c-8217-deb8b15ddc72,intrinsic,0.9879358,0.009066534,0.00299772
048377aa-8f07-4e0f-aa50-ca8ccbbf446e,no,0.107893676,0.087717995,0.80438834
123b6956-2ffb-40b1-82a0-daa1a1f3bf28,extrinsic,0.03459926,0.9417359,0.02366488
0b5a9497-f342-4207-8f45-011310511c05,intrinsic,0.8901754,0.087150104,0.022674518
65717d0a-eeb6-4dc8-8427-84a05d55b19c,extrinsic,0.11604469,0.86906767,0.014887638
6eb58340-df56-465f-83fe-f30dd9c7d0aa,intrinsic,0.98017955,0.015180514,0.00463992
8abb0374-c0c8-4e83-a73e-c4517cdde72e,extrinsic,0.022609701,0.96666104,0.010729273
7efb39c7-e48c-4af2-9051-d3c3238a1131,extrinsic,0.08810279,0.90404576,0.007851376
a5bbe958-1162-4fa1-88d7-422b0aacf1e9,no,0.01319503,0.008849368,0.97795564
6836614a-833c-4526-80f4-4b14aaf3c2c4,no,0.028289273,0.0551098,0.91660094
8941f979-4849-4349-9641-d35297adb6cf,no,0.1599627,0.15351996,0.6865173
267d2ece-264c-41dd-94e5-6ef6f65062fd,no,0.13199052,0.36898455,0.49902487
04adc7bc-cf6f-4c7c-a278-9652d7f036de,intrinsic,0.8462063,0.1478044,0.0059893318
ae5b5ea4-21f6-408c-9147-fc01bb9e27b9,no,0.024355063,0.019844018,0.95580095
3b59d561-5798-488b-9dcd-ef490ffac514,no,0.019943874,0.020362472,0.9596936
c12f77b6-bd47-4ed6-bc08-9a13f2ba7792,intrinsic,0.8360773,0.158093,0.005829694
84419938-1767-4d62-bb40-4707bfdca642,intrinsic,0.81887555,0.17369756,0.007426861
1791dbd1-8ca6-4a0e-904a-724a49255fe9,intrinsic,0.9252875,0.06885901,0.005853534
6029bde5-af3a-440b-8f74-10e9a7a4c05e,no,0.01137583,0.006523059,0.98210114
64d653b1-e92c-4840-a128-f54ed05d037c,intrinsic,0.80511194,0.18612905,0.00875907
4558de33-7472-444d-bea6-ccdbff3a6de2,extrinsic,0.02335764,0.9676742,0.008968157
d0f6ea81-8a68-4812-9679-a6dabe5dd0d4,no,0.012413015,0.0104918415,0.9770951
37037054-e56f-4cd0-8e34-c9db53c230ba,no,0.01672666,0.0127801495,0.97049314
cf469b2c-ebea-4de7-bf5c-41cab7487a03,intrinsic,0.9663557,0.027129577,0.00651466
216a7b8f-c5db-447d-9a9e-2ceb44d07685,no,0.0235141,0.10749437,0.8689915
d0ee8773-3de7-4ee6-8392-2179f611425b,intrinsic,0.9023365,0.08623362,0.011429992
e292b5b2-cc24-40ab-9493-4683de85e2f7,intrinsic,0.93859875,0.02525694,0.036144316
995fccb4-7fdd-4b2d-b24b-738a03ed0bc1,extrinsic,0.03483903,0.9589306,0.006230319
5da45353-6f4f-46d5-99dd-20661f0440ff,intrinsic,0.9654286,0.027958164,0.006613343
b5ef29d5-efda-496d-ad70-d0f9ed916c2e,no,0.01408324,0.012283614,0.97363317
f55b01ed-e8c2-44dc-a0a2-c9db4a002468,intrinsic,0.88782334,0.107296646,0.004880019
2e028c4e-37ba-4c44-9e29-da69b03c6e46,intrinsic,0.84578395,0.15053831,0.0036777246
9238e2c1-d36f-4bf9-a20a-d9d37337ec99,no,0.03197778,0.30501425,0.663008
105a467b-46f0-4c45-9578-25e3428aa9c2,intrinsic,0.94487065,0.05260303,0.0025263678
74b41305-0b19-49fa-a88d-874294a0264a,no,0.12195955,0.15916353,0.71887696
4e9ab1c0-4f92-43f6-aa96-86b20f3b3048,no,0.01939641,0.0321275,0.9484761
66bfbd09-f776-45ce-a23e-90148a393de4,intrinsic,0.7635171,0.08485513,0.15162784
e1196586-6681-4d2e-84bd-ad6579c32884,intrinsic,0.94697064,0.045356724,0.0076726126
26522ae4-6eb8-46b1-8626-ff020482e6b4,extrinsic,0.45203778,0.54277384,0.0051883394
1dd88e1a-7239-4521-ae05-8a2392f8077e,intrinsic,0.61394686,0.3700416,0.01601158
8971cffb-d826-4652-b584-359e753f4e97,intrinsic,0.94469166,0.05128922,0.004019184
058a5460-369f-4e26-aacb-347805e88cdd,extrinsic,0.015781365,0.9739145,0.010304172
66ca77ac-37e3-4ea3-9db0-b8d098353575,extrinsic,0.47989866,0.4821602,0.03794105
3e0c351f-cc22-4f5e-a500-83f9d8ddc023,extrinsic,0.037137512,0.955374,0.007488432
c68bf8a3-8a15-4aa5-a017-8612b5c1ecfe,intrinsic,0.8700899,0.08419071,0.045719326
fded632a-e237-4e45-8bcb-1fdf48ffe887,no,0.01648632,0.009326994,0.9741867
8e43be0a-7d0a-4f5e-b9b0-9fc3eb398fdf,no,0.008028182,0.005116866,0.98685503
46e7d9a6-fdfb-4f83-976a-0b21fbbec728,intrinsic,0.7921384,0.18844391,0.019417666
c0a8040a-9526-411e-8f3d-67d56106b98a,extrinsic,0.07121671,0.92079055,0.007992828
cdb83bc1-9f4a-4225-98cd-a9cf32623093,no,0.035234947,0.016352631,0.9484124
de6adbe8-cb6d-4da9-9ae7-5fa2686705c4,intrinsic,0.92277086,0.073203795,0.004025384
aaa62cd9-0f05-4a69-b5e4-1c3d491ac0cb,intrinsic,0.9136464,0.07837882,0.007974762
637f6a7e-480a-4730-aae9-63a574f01544,no,0.016363673,0.022856103,0.96078026
2a71802b-f70f-4066-9eee-5a90dc0b61a2,no,0.060952485,0.115456045,0.8235914
023e3090-4c3f-4d50-a0eb-740a6ae4fddb,extrinsic,0.35998434,0.6179455,0.022070242
3b64010a-d18d-438d-b166-1c9c76e3c958,no,0.17848942,0.09865189,0.7228587
a60d4424-ff46-4879-8e7c-26a71354fb52,intrinsic,0.65831536,0.33493957,0.006745049
a56624fc-a1fa-4314-ba97-95fa96cf03a2,intrinsic,0.87830925,0.04704037,0.07465034
9a6888ce-dd6a-4e7a-84d0-b20d8fe3c1d8,extrinsic,0.19967227,0.76182777,0.03849993
66c97882-34d3-4ec2-995c-ff0b32cc79c7,extrinsic,0.047654048,0.6320601,0.32028586
45e1e68a-a02a-4589-9676-fba0af3d08b7,no,0.014255683,0.014106525,0.97163785
7ecdd1e9-cc06-4ab0-9b5d-6250b8be3905,intrinsic,0.99099594,0.007346869,0.0016571789
a4c2ea59-37a9-4613-bffc-2f33d5f92be6,extrinsic,0.04912948,0.9363967,0.014473819
535a1fbd-7ddf-4948-8157-cc157a2a47a8,no,0.02501734,0.022383431,0.9525992
85d58e6c-2e37-44f7-9fbe-225894199b57,no,0.018094134,0.011910288,0.96999556
e436450c-4a90-49eb-8cae-e0acddec7f08,extrinsic,0.070618674,0.92131925,0.008062042
6b806441-5195-4ad4-8c05-93dfd8cfd9d9,intrinsic,0.98358464,0.013538684,0.0028766587
344de3c8-f629-4933-a03d-fed85ca0617e,no,0.06651574,0.15296088,0.78052336
0bd34b86-c4f4-4392-bff1-19e4d7bb51c9,intrinsic,0.9209798,0.070970096,0.008050102
d543d712-98b0-45d2-8a71-15d4ce773bc5,extrinsic,0.0639622,0.92849874,0.0075391694
1ae79028-9872-454e-ba52-7098710b5c7a,extrinsic,0.058074106,0.9258726,0.01605328
b53b9124-488b-42a6-9e88-4117bec44003,intrinsic,0.92654157,0.064559,0.008899431
b08a59a1-9d5c-4fff-b13e-9039fd7df30a,extrinsic,0.08734931,0.8951906,0.017460058
80d1f691-1252-4d4a-94c0-98cbe0b8d9ad,extrinsic,0.30578214,0.6842215,0.009996463
5fa5c600-3c21-4959-9560-529dad644d8f,intrinsic,0.8226963,0.16867119,0.008632503
7d032c4e-0b5c-441d-b0b8-2c5e9d64e0fc,no,0.010478982,0.008884156,0.9806369
b6900788-7345-49c1-a93b-4f330cb3ef5d,extrinsic,0.03872401,0.9574872,0.003788689
2b4be479-27be-4679-9263-b98b221ff3cd,no,0.09501448,0.054979153,0.8500064
d2ae9d55-9735-46cf-853b-ec9a41826b54,no,0.04411678,0.26771814,0.6881651
10baa31d-465a-47e1-88e6-e8c08a897282,intrinsic,0.90688705,0.09081848,0.0022945094
f1a8615c-017e-4979-8c30-76351b89b0a3,intrinsic,0.9198004,0.055539504,0.024660073
d83526fb-d4cc-455b-8084-ed35c3d15b53,no,0.030493146,0.050284,0.91922283
fa8eb7ca-2f96-40a8-a4d7-9b4b9afbc718,intrinsic,0.9673579,0.029301686,0.0033404317
b36d5bab-c7dc-4ebf-b976-4b3181c1ba88,intrinsic,0.8794918,0.06466102,0.055847123
812771bf-da24-4611-841c-6db93c2fc648,intrinsic,0.7760894,0.11298224,0.11092842
77ec74a8-827f-4a0c-a9be-40a5c4ebe148,intrinsic,0.94990015,0.045593146,0.0045066862
9d459abd-c291-41bb-8f89-2e08563512c4,extrinsic,0.083576284,0.8145098,0.10191393
f61a0b58-efa8-436a-8a4b-4348c8d7acc6,no,0.03181273,0.016673105,0.9515142
0c994d35-ca7f-4c19-a65a-38f245f75643,no,0.019372635,0.009684263,0.97094315
38fdf4ad-77dc-4a78-b7d7-66ccf2cbd999,intrinsic,0.97259843,0.022971991,0.004429623
4cc0338e-0b01-4c78-b687-0f7ec23cd7cd,extrinsic,0.02946933,0.96554714,0.00498341
1ce936c9-f9e1-424f-8393-75f1bedf7f6b,no,0.029597167,0.013523522,0.9568793
15afa1f8-6db9-4ff5-bee3-533aca8a8443,no,0.009936443,0.008422915,0.98164064
89a01dbd-b724-4dbd-bd5a-e9f136f2b650,extrinsic,0.034099836,0.9614236,0.0044765854
a1725d6b-65f6-4208-ba75-344d1c51133a,no,0.09691332,0.106950015,0.7961367
ea34fc37-5475-4306-bf34-734b16d13e23,extrinsic,0.056367673,0.9338359,0.009796447
15fe21ae-f101-4698-92e6-6ce4fea9a5e8,extrinsic,0.14101519,0.8503507,0.008634209
3affe973-cc65-43a5-87b0-4bbfc069a63c,extrinsic,0.08649669,0.9050959,0.008407459
3960ef99-e997-4199-a377-13eece7eaa98,no,0.03678971,0.029655129,0.9335551
ca620604-bfc1-4bb6-ae04-18539b7c5d19,intrinsic,0.8765619,0.09933349,0.024104614
36a5d8a7-516b-482c-8a1d-d72220be71b4,intrinsic,0.93548393,0.05916857,0.005347522
e40ae96c-6b4f-48fb-9248-7290df8f34f5,extrinsic,0.052253008,0.94259816,0.005148875
e9b3b01c-ab52-4047-8adc-8c826e180b18,intrinsic,0.93163115,0.06173674,0.0066321534
b58ca443-c199-4c05-abce-e53cf473effd,intrinsic,0.95609355,0.040370785,0.0035356674
d9a10f8f-e596-4cc3-b7a8-2487af2cc2f8,extrinsic,0.07629796,0.9080563,0.015645755
2395308b-a0dd-4aae-9730-456ec781f713,no,0.012320383,0.010251606,0.977428
3967ee09-3ae0-4f5f-86f2-d4d5b5af94ed,intrinsic,0.94887143,0.04286424,0.008264341
10c49582-2115-4263-a045-7bc6e4020af2,no,0.009701636,0.007133303,0.983165
64755fdc-1fbf-4b3e-bf54-d4cea33b776d,extrinsic,0.037140567,0.94249064,0.020368772
4750eef5-c041-4fae-9bbb-0f7777483a2c,no,0.025688997,0.014770149,0.9595408
b3a113b2-6489-4e1b-9eb8-38f4fa0ebdf8,extrinsic,0.022953795,0.9632542,0.013791987
caca0fe8-1800-48ef-bddd-df2996896672,no,0.010245893,0.0071628,0.98259133
f00fab66-d616-478b-b545-653d04301777,intrinsic,0.8912279,0.098590724,0.010181374
cda2124a-650f-4a44-97b6-ad7494b7f6c3,extrinsic,0.100913234,0.4942028,0.40488404
2877fdd7-2254-4b05-b1bf-0d5f06161859,extrinsic,0.43167523,0.55919665,0.009128181
592c540b-88cd-4051-b1b6-41b163e0e5cd,extrinsic,0.041650113,0.940904,0.017445795
5ce0d6ab-81e1-4669-bd80-5877277b631c,no,0.27653873,0.27722013,0.4462411
6cd26e41-c7ae-4d95-8c94-d76d83c990a9,intrinsic,0.46107513,0.4525352,0.08638969
e7cb621a-909e-4143-a9f0-feca44254c81,extrinsic,0.42697382,0.4683115,0.10471466
0a4a3999-68d4-4940-b224-0c47f4da0005,extrinsic,0.07202528,0.9148049,0.013169861
64d1de9c-c607-4825-9f02-9c26df3403fe,intrinsic,0.824533,0.1635126,0.01195439
2f349395-f3f5-4088-b99a-af943b4123fb,intrinsic,0.96897125,0.027490223,0.0035385839
ae43bb8b-96a3-4d0d-8281-67cb6ec2fa01,intrinsic,0.847211,0.1350708,0.017718216
f884575d-9cd8-4a90-8ad7-9fbdf6a7f0a7,intrinsic,0.73233646,0.25974458,0.007918939
c5a4aa25-a2aa-4226-b438-e1fc6d4baf77,intrinsic,0.9630444,0.033698946,0.003256649
95f6dd8b-918d-48d0-8588-7fb16edf0ea6,no,0.020039363,0.010873242,0.9690874
ce90d984-1c19-4e63-9d1f-abf7c8a93a6d,intrinsic,0.8317146,0.14644,0.021845486
4944aa3f-ef19-45b4-a854-80ebcb26969a,extrinsic,0.04095908,0.95296013,0.00608076
c843f423-6f87-4bbe-8fe9-19db3235914f,intrinsic,0.96169746,0.035715662,0.0025868916
207e4a1c-9d1e-4a1a-93a5-09d8e303931f,intrinsic,0.8795617,0.08976636,0.030671949
ac43fa73-72e4-400b-85e6-51d1149a07de,intrinsic,0.9733541,0.021063719,0.005582241
d8c59641-073e-4ee2-b4f0-6bb8c38eecec,intrinsic,0.94997036,0.044325594,0.0057040737
e703501d-8560-4570-89af-bd2b279eb092,extrinsic,0.015798332,0.97398585,0.010215751
72974e1c-12cb-4888-b75b-4bf4429ab0f2,intrinsic,0.94425434,0.051670708,0.0040750103
2c7a43f1-899c-40ab-a76b-d48c707ee12f,extrinsic,0.019796235,0.8985115,0.081692226
5605368f-bbf4-4252-a9e2-45de2048cd2b,intrinsic,0.5659743,0.42775398,0.0062717786
878c8c82-ffd6-4660-8b3b-22cab46741ad,intrinsic,0.9321179,0.053972896,0.013909147
d8c67826-f75f-4934-9a17-76f50ea0edae,no,0.08461718,0.22648033,0.6889025
75282bf4-9e2b-45ad-a3ef-e3d86f899d54,extrinsic,0.03090603,0.94132537,0.027768556
a2d52655-620c-4b01-8e75-c87aed6cfce1,extrinsic,0.25604847,0.73566616,0.008285385
7c0426b4-a353-4e90-b7b9-e232358f8b6a,extrinsic,0.0332833,0.9573474,0.009369258
bf41594e-9567-43b0-82d8-951028b9aab0,no,0.010963255,0.007461183,0.9815756
4412882e-b670-4470-bb4e-c7115f846cbe,no,0.029647151,0.014130658,0.9562222
c8e12207-f46b-43a1-a2ed-285044af867c,intrinsic,0.85195684,0.108615555,0.03942753
3e5a255d-c0c7-4810-8d8d-404bfaab2178,extrinsic,0.039156843,0.9383776,0.022465544
d3b7a1da-fe46-42e8-a963-391bae49dbb6,no,0.23152034,0.0334365,0.73504317
d49e4dfa-d876-447f-a3b5-486dc5f226cc,intrinsic,0.97507757,0.022494126,0.002428337
e6b58394-8a17-49e5-a45a-97aa2ca3693b,no,0.029169569,0.28369182,0.6871386
49dfa20a-f185-4c56-9db7-05a6e52c7e37,no,0.00986223,0.031825103,0.95831263
7889f749-fea6-48a3-93b8-a2d3843c0f42,intrinsic,0.90171736,0.09518766,0.0030949332
d408ba55-7432-4f1c-8610-6c9fef9e1ff0,no,0.019835383,0.04519226,0.9349723
0de7e8a2-e4c3-44f2-ad71-a0c4a7850780,no,0.015011607,0.010831486,0.97415686
8adbc614-2d2e-4666-bbe8-3a42131b7081,intrinsic,0.8882196,0.10870583,0.003074591
fdebb101-55d4-44e3-bb1a-7bd63bb51a7c,intrinsic,0.96471304,0.031577766,0.0037091689
10acf6f1-a499-4def-b62a-3e76e2be63e2,intrinsic,0.95043796,0.034851767,0.014710313
337ea4c5-0c7d-4eec-8c7d-38d334c8c34d,intrinsic,0.8869561,0.10556673,0.007477193
597d0f49-ea4c-4d6f-964e-20fc02d02bee,extrinsic,0.072813645,0.8312406,0.09594575
5892629a-077b-4844-8928-f9acbbe879f7,extrinsic,0.046983957,0.6698972,0.28311884
32905746-b0cb-465d-8d30-0fe29bf8f20b,no,0.012626854,0.0072181574,0.98015493
db1cec72-fc38-44fe-9d99-4ce7bee44c6a,extrinsic,0.023411853,0.9702449,0.0063432083
ee9b3d77-4883-4413-bb29-cf7c79d25a49,no,0.013642089,0.008368688,0.97798926
804335f4-c3e6-4d42-aaaf-11ec1c544b24,no,0.01618163,0.009476904,0.9743414
3e5b233d-88dc-467c-89c2-8b23a115b0b6,extrinsic,0.10853813,0.86670977,0.024752095
dfb07fd3-271c-42c0-9c81-7c53ff9d3234,intrinsic,0.97254384,0.025039382,0.0024167849
79c604b4-e80b-42ac-901a-b56535bc3f08,intrinsic,0.9682371,0.015547199,0.016215615
08348a37-8fa4-4ac2-8b3e-aec11cb79a0e,no,0.036274634,0.029293742,0.9344317
abc1dbe3-b4d8-46ef-bed3-4f7b9eb3ecd4,intrinsic,0.9045398,0.08225196,0.013208203
d390f006-ccc9-4cb6-97f9-f4b68a0ec1fc,no,0.041167475,0.019969426,0.93886304
8614be72-1597-42e0-94ca-4d429255cb34,extrinsic,0.09367531,0.8965331,0.0097915875
3bbc6831-c824-4e00-93d3-36e497a8cfab,extrinsic,0.06004347,0.9265868,0.013369736
54820b6d-e85d-4eba-a178-1235cef95271,intrinsic,0.78279394,0.21062425,0.006581829
c99da6f3-b88f-42b9-9f5e-045ced24091d,intrinsic,0.9047444,0.08933318,0.0059224344
ce72ddbc-252c-4c79-843e-c6aa8cea9093,intrinsic,0.92913914,0.06435118,0.006509737
2c6812ce-3666-4c6e-8a0e-21d025c4dc95,no,0.031580552,0.13256016,0.8358593
981d905b-c5c2-46c4-b9ed-790a04ff95c1,intrinsic,0.60113686,0.38870203,0.010161114
5258943f-b2e7-4198-b967-b18c2756b6df,extrinsic,0.027353842,0.9651483,0.0074977316
0824b90b-85f1-43fc-8081-b459362782f2,intrinsic,0.95617825,0.03669706,0.0071247327
7c89a2c7-7224-4801-be15-56458066565e,intrinsic,0.7803644,0.19773887,0.021896783
39dec88e-e870-4a4e-ad6b-b745ceabb613,extrinsic,0.0312492,0.9620606,0.00669024
e666de37-a388-4f11-ae07-007a803b93e2,no,0.019323658,0.04612892,0.9345474
b7b514e6-0d9d-4a4c-9bc6-c946a1a4aff2,intrinsic,0.76790494,0.22427247,0.007822589
ea10b65c-0320-4e88-b01f-c7640046e34f,intrinsic,0.78192323,0.20942855,0.008648162
f2e625ef-9a65-4287-9e48-c35f549d4749,no,0.018914046,0.009632183,0.9714537
5acfca79-b435-4b78-aef6-accd0d02ecc8,intrinsic,0.617301,0.28341967,0.09927938
509a45cb-d036-4dcc-8648-7e843e339e7a,extrinsic,0.02770705,0.9620112,0.010281749
be2d08cb-c9f6-491b-9ece-b2cf3554b0a2,no,0.051387835,0.035481174,0.91313106
3f7f35d9-2264-4500-a384-f0b275e0396b,no,0.021565929,0.12825444,0.85017955
6237a2cd-0a72-40f2-a20b-bfd4c89dcd24,extrinsic,0.05012924,0.9367512,0.013119643
fa6a1e70-6cc3-44b3-8e9d-d405400a52a4,extrinsic,0.03473822,0.95694786,0.008313924
1a2aa8c9-ab02-463d-b5c6-80996147a58d,no,0.015747735,0.024323639,0.95992863
eb96bf86-b988-49af-9518-88fd316cf3e8,no,0.023653934,0.02235938,0.95398664
d3ce81fe-f25e-4f3d-97de-a22635a158be,intrinsic,0.927438,0.06892191,0.0036400463
c171ac96-d63e-40a0-a1c6-c8b6eec42122,extrinsic,0.080020495,0.9117093,0.008270228
bb427409-1725-4d07-b357-67eb24ade123,no,0.06618155,0.05439317,0.8794252
690832d6-0e3b-445c-8797-fe462ab88893,intrinsic,0.9688803,0.028095394,0.0030243078
eb032f8e-9d22-4761-a260-f780667677de,no,0.06496339,0.35238913,0.5826475
232e1607-0263-4f1a-ac02-efb50f76535c,intrinsic,0.71109545,0.27209118,0.016813377
c5152040-3c52-4bf3-a146-a90e9bbd57d0,intrinsic,0.89793235,0.03127656,0.070791125
d14e2d0b-340c-4eda-9062-f72c6e8fd48d,intrinsic,0.97813725,0.018769642,0.003093176
ca838d44-bb12-42e4-8a7b-fb9875a76086,no,0.066205084,0.050032597,0.8837623
ec8f6abb-c611-4937-8167-3210af623caf,intrinsic,0.9708925,0.025501419,0.0036060887
3a27a067-69a3-4c63-8003-f571cbb84d5d,intrinsic,0.9016801,0.019918382,0.07840143
6ad33196-c488-4d6f-8cec-3775a119085d,intrinsic,0.7881065,0.20179999,0.010093459
effe586d-bc54-4e3f-99df-38e5accb1d9a,intrinsic,0.8482909,0.13988063,0.0118285
da4bd2c4-67a9-4677-a231-7287f86b3061,extrinsic,0.05577873,0.9392782,0.0049431045
165ece75-7d72-42d1-8792-c0dab4d12bd7,extrinsic,0.03768981,0.92886823,0.03344191
8a9c654d-7fac-4f98-9e1f-5564bb6be5ec,intrinsic,0.83058196,0.10790718,0.061510768
7abf7656-ca71-4d6f-ba13-2d4e73a0e058,intrinsic,0.5768751,0.07343636,0.34968862
5df3f2a3-4dcd-4ff2-96e5-3741668e880d,extrinsic,0.028340109,0.9590739,0.012586012
f8fa0a33-b326-4d42-9dc8-af273da3b84d,extrinsic,0.057011224,0.9313806,0.011608171
7a5d86cf-eb29-4a98-b085-d763411a4787,extrinsic,0.20219886,0.777978,0.019823125
3bd2c0eb-a9f4-42c6-8d79-8eb4e2638f87,no,0.013087583,0.011130744,0.9757817
a2a0e7d5-b85f-4530-a651-dfcb335c4d4b,intrinsic,0.9285388,0.043440804,0.028020382
6d037cb6-25b4-46ca-bd08-4d0e11b0f272,intrinsic,0.87033325,0.113020904,0.016645802
9dbc4b3c-8adb-4330-b98c-d236f0fd1df4,no,0.022620635,0.009471442,0.9679079
8506e9d1-3dc6-466f-9831-1036bb99235d,intrinsic,0.7525911,0.15533371,0.09207516
f0d1a417-25ab-4ddc-be39-ae16770c3baa,intrinsic,0.59522927,0.15823816,0.24653259
899039ca-1ef5-45da-89a0-b749ccd3f5be,no,0.03906812,0.10336458,0.85756725
c0a94c69-0868-4350-b032-4d292ae8a8b0,extrinsic,0.06275348,0.9297223,0.007524188
32841e78-2523-4dc5-bde6-f0925bc332ea,intrinsic,0.93534315,0.058727343,0.0059295986
d0186330-70cb-4bb8-af1b-90b151387720,no,0.01728896,0.012747583,0.9699635
e9d63e74-9c2e-4a3b-be23-d35c9dd80be7,intrinsic,0.9161873,0.07818875,0.005623913
d14d4b04-57f4-420f-a22c-b36ba361dca6,no,0.015663967,0.012161399,0.97217464
94ab2000-d3d4-4cda-953c-0414dfc02a3f,intrinsic,0.9696913,0.022571381,0.007737315
7a0066e9-8848-4fd9-ae2e-6c0f38813b57,extrinsic,0.044954732,0.9414471,0.013598182
da2a37c0-8a09-4ded-a01a-2164bd4bbae0,extrinsic,0.062412295,0.9337213,0.0038663652
125d2073-55f5-4945-a0fd-acc7d00f7048,intrinsic,0.9284728,0.039448973,0.03207824
245a04ca-a4ff-4ae9-b8b6-9479668595a3,no,0.0071481043,0.009004146,0.9838478
ddfdddda-796b-4034-8b1f-3565268d7884,extrinsic,0.1000491,0.4516864,0.44826448
183d7dcf-d840-442a-9d1b-d676a4eb1fce,extrinsic,0.09193018,0.89973354,0.008336314
60b6e773-8382-476c-8b78-aa72b3ffa448,no,0.02499312,0.3772278,0.5977791
347025c1-8be8-4b89-a1ef-e0ef0b01b650,intrinsic,0.75386846,0.16481633,0.08131519
cfd8baae-ea4a-47dd-b05a-8704bb98fd7f,intrinsic,0.81678826,0.15737425,0.025837494
d8d77b2d-f7f4-45b8-a82c-f90331231998,no,0.027860086,0.21169348,0.7604464
de19f048-4c97-4723-bd79-91326fbdc9a2,no,0.060355045,0.031095337,0.90854967
99a4b50f-7421-4ae1-b993-449a2ca2fd20,no,0.011176962,0.031292982,0.9575301
99ceb64e-d1de-4910-91c6-dc02094122d4,extrinsic,0.020210205,0.97274166,0.007048194
be184e2b-895a-4845-a1ee-789a38a13388,extrinsic,0.009648884,0.979785,0.010566002
cb33ad79-6848-4a67-9acd-ebe92198d1fe,extrinsic,0.072940275,0.9174376,0.00962208
bd58e462-3641-49b8-8483-3c2876eac890,extrinsic,0.041273348,0.95057255,0.00815402
58ac2b23-8020-41a2-abd1-7540197a4b62,extrinsic,0.46808186,0.51997966,0.011938478
bca112a7-ead4-4822-9858-56456833eca7,extrinsic,0.066137716,0.90101296,0.03284936
8756efb0-68cc-486d-889b-750e34586ef1,intrinsic,0.95629495,0.039577935,0.004127165
d4969aca-8880-4cd6-82b1-9d6dfc8be37e,no,0.011062361,0.007896927,0.98104066
9ecf44d4-25b5-46c7-96cc-143c9867c601,intrinsic,0.9465107,0.048865423,0.0046239225
3002d24b-3a40-46d1-a404-60633b0d6cad,intrinsic,0.85469174,0.1239341,0.021374192
188b16ef-5eb0-4f45-8247-cd8f6e04a6fc,intrinsic,0.90614605,0.08568661,0.008167412
10f9e74b-ddd1-4bc4-a7f0-7497b9a66a98,intrinsic,0.6416556,0.058980104,0.29936433
1eeb53dc-b4b5-4e4a-ac6d-433f661dd0fc,intrinsic,0.930462,0.064226545,0.0053114984
73959e1b-62b0-46fe-9fb5-3b8bd5ab5f9e,intrinsic,0.8210921,0.17424645,0.0046614334
e4aa92e2-7614-49b2-81b9-1c95be777a6a,no,0.015927395,0.0142563805,0.96981627
2d602b17-aecc-4a19-9f60-1ad01449e3b9,no,0.012423032,0.0077141654,0.97986275
701a7b84-2cb9-4f47-80ba-9b17e21d0af8,extrinsic,0.037184294,0.9544873,0.00832841
7ce75ade-1ec5-4de1-9cba-35bfd2cd5b84,no,0.025620855,0.022694437,0.9516847
b5ac953e-5c23-4066-b6ed-c127fe2fa409,no,0.015028013,0.0076207197,0.9773513
21995e0a-03de-4bd9-ae46-fbaac42cdc0f,no,0.01304028,0.009257589,0.97770214
32c63e29-1b13-404d-a3f9-16c4b4f28169,no,0.024609914,0.019837841,0.9555523
bcbd9474-2eb3-4e98-ba43-36bf25f6651a,extrinsic,0.25370502,0.70347184,0.042823184
6cc06db4-28a2-4aff-ae73-945803ea7af4,intrinsic,0.9021492,0.08077193,0.01707895
d20976ac-ba51-42c9-b22c-9257e1a5fd8b,extrinsic,0.2647178,0.70030206,0.03498014
c00022c4-9d3f-4dab-9b8b-7a0800a46b26,extrinsic,0.038926136,0.95044357,0.010630329
86605012-5268-4f05-b5c5-389e4d2efd67,no,0.11661907,0.04065981,0.84272116
1d59ffb0-caee-4b20-a4f2-dcee67dc3abf,no,0.03464593,0.07721426,0.8881398
547f18c5-b543-4d20-85cc-a1159487ff0f,extrinsic,0.06141027,0.9239602,0.01462957
76e2af55-54de-406a-a4db-3921caf23b57,intrinsic,0.94845873,0.045409404,0.006131885
0864cfd8-c8f1-4dcb-8fef-5e3901a657d7,no,0.04232044,0.059362322,0.8983173
ce317d6e-5b33-4d90-b611-8180c319fd74,no,0.009741797,0.008475173,0.981783
f133e7e0-b234-4d8f-9903-0b71efdfff33,extrinsic,0.015633173,0.9218346,0.06253224
af2c5f9d-c318-42d7-bb9a-c046ef87be6a,no,0.021906342,0.019552603,0.9585411
ce846fcb-cfac-4ecc-bf9d-693f34896ccf,extrinsic,0.36529055,0.61966467,0.015044853
8bb6c4e5-13a7-4cd1-8328-f0e6f7a3f53a,no,0.013554081,0.0063937083,0.98005223
ff2b402c-adfd-4191-be88-ffa6994b5c35,extrinsic,0.13758177,0.84373164,0.018686531
91511518-b597-474e-be49-3ca9e5dc8eed,intrinsic,0.959775,0.035232708,0.0049923914
98aad28f-c61d-4b4f-9995-14e5020355f1,intrinsic,0.90921247,0.085635416,0.005152107
aadbe138-59ae-4e98-852a-ea833b960478,extrinsic,0.14225106,0.83039427,0.027354654
44fb62cf-5fab-4715-ac1e-c77695a24760,extrinsic,0.022714943,0.96853954,0.0087455865
206de598-9418-45b6-a87a-a71228a8aa41,no,0.022808867,0.046931222,0.93025994
1e2349d5-a208-409d-aedb-5e06b15bec05,extrinsic,0.09625453,0.89479643,0.008948974
ee5dd72f-8de5-405a-b9ce-92c035127849,no,0.012675316,0.0073863417,0.9799383
66cf7b59-956c-46de-af49-1c25ed8e5aef,no,0.26460955,0.20990662,0.5254838
e8393890-3416-4e9b-b24e-65692df8e1c6,extrinsic,0.10087393,0.6532508,0.24587531
8e175e97-b9b7-4f2e-b211-d3b146840340,no,0.014086039,0.00860258,0.97731143
1fa631af-b45b-4784-98dd-1dbb6baca179,extrinsic,0.44224307,0.5439276,0.013829287
805d5f4d-f268-400a-be7d-c47dcb3b5e8f,extrinsic,0.026639123,0.96707726,0.0062835487
464a89e1-edaf-495b-b667-b88691f40ece,no,0.021399181,0.016362267,0.96223855
a9d9625e-dc84-4b62-b957-c881a4e736da,extrinsic,0.061518025,0.9298333,0.008648631
65670ffa-3574-421f-8040-e5fa0b9a3aa0,no,0.046499252,0.08182432,0.87167645
8a835eb9-e081-40f1-9adf-b609d755d378,intrinsic,0.53759104,0.45111513,0.011293845
c904a6c6-3cd1-4615-a30f-edaee4ae6d9c,extrinsic,0.053559065,0.9385901,0.0078507885
ea0f7a4d-69c8-4430-bd55-3b58b1399052,no,0.017274262,0.011597281,0.9711285
b8733a1b-d451-4d62-b2b3-f3c0cfb51fbc,no,0.023500096,0.06537644,0.91112345
15b89d18-69c7-473f-b8fe-d9d7f8be91b9,intrinsic,0.9165013,0.046136566,0.037362147
d651b9e0-cd65-4ba6-a8cc-ae3df1412081,no,0.0136752175,0.028712256,0.9576125
ee2dcead-d5d9-4337-9afc-e3829103aafb,extrinsic,0.06842761,0.9261345,0.00543778
aa596b7d-5e38-4b55-bc32-88816b620ff3,intrinsic,0.9159477,0.07622807,0.007824339
72ae4e8d-2eb2-499b-8341-e7d606b9a104,no,0.009602095,0.0068906313,0.9835073
65880d56-f0b4-4224-871a-9a19bc5b5b17,extrinsic,0.11016029,0.881225,0.008614774
b56c4aa5-a71d-4c7d-9e1d-fc68e32b47c4,extrinsic,0.04806073,0.9457848,0.006154456
48db8ad2-94a4-4908-9c8c-f138d834a269,intrinsic,0.86131465,0.12381554,0.014869718
3d53b7ab-333f-4736-97f0-a96138a06c55,no,0.1009073,0.17777802,0.72131467
74c4116a-3894-49d5-acee-d28aeb1bf808,no,0.0485618,0.08421543,0.8672228
0e1ba749-aa2d-4048-b57c-e320397e7f16,extrinsic,0.08911645,0.46240667,0.44847682
da3f8668-2fad-4266-82ba-ab2270b588e7,no,0.022742959,0.0155663695,0.9616906
d38cc6dd-fa1b-4992-b910-4119d93e49bc,no,0.010637574,0.0080069965,0.9813555
65ae6e3f-bd0d-4ef1-9e43-fb5801a01f19,intrinsic,0.82053906,0.12645335,0.053007636
af2594de-b397-441f-b361-00b3924631ed,intrinsic,0.9107334,0.08656925,0.0026973186
d64b3ade-f79d-47ae-b4a5-e9a3603ff130,intrinsic,0.94058794,0.052394833,0.0070172325
f331a23f-9fee-4d06-970a-829d695f9aa8,extrinsic,0.021868678,0.9716725,0.0064587793
2bb6a579-0487-40a4-955c-7c052d175b1b,extrinsic,0.14912124,0.8448564,0.0060223285
39d44489-c7af-4055-a5ff-7f9443bc4126,extrinsic,0.08533507,0.8499251,0.06473981
b31bfb8e-5e6a-46a9-b4f2-0d6301583e85,no,0.015355174,0.014504813,0.97014004
19bf8e6b-3702-4c5f-af1f-2b7a65e69a5f,extrinsic,0.059263032,0.6131977,0.32753932
3055ea5c-3e7d-4fbc-b119-fd020c40edee,extrinsic,0.017704645,0.95614696,0.026148446
c1cde077-4740-40b6-aa40-816712621fbf,intrinsic,0.74750584,0.24638215,0.0061120116
4a778ecd-9aa9-421d-86b4-240e26280353,no,0.0073394966,0.0073583173,0.9853022
b10230a4-8d4b-48f4-91d4-a67d9b0c1c98,intrinsic,0.917718,0.036542438,0.04573957
c48c25b7-1ac8-4ec8-9847-b527492f65fa,no,0.036879156,0.036357377,0.9267635
c9a7be6f-355e-4917-a8cb-e3386f569b4b,intrinsic,0.9592618,0.032300506,0.0084377285
7c22a846-1ed0-4f15-8abf-86ed93455b34,intrinsic,0.9428985,0.044008616,0.013092808
70668a1d-bc7b-4783-abeb-1c808ea7d5ef,extrinsic,0.025792971,0.96470636,0.009500687
86803aa9-f544-4833-8eee-0db17530c8f2,no,0.039646465,0.34562436,0.61472917
4435471c-98a8-4c82-a5a1-774bc4df5491,extrinsic,0.4782434,0.5117086,0.010047909
b2c3645d-c70a-4114-8bb4-afebed881c00,extrinsic,0.34975916,0.63147664,0.018764203
90237448-f2e6-473e-9bb8-2104b313815e,no,0.016152112,0.01341661,0.97043127
6d212739-74b7-444f-a2f1-e636b1e96bf6,no,0.028374393,0.06679764,0.904828
d058ac5b-2763-4d2c-a4da-5a3ace0b6710,intrinsic,0.9736831,0.02270956,0.0036073169
74fa0f63-f450-4f37-ab10-5c410797db01,intrinsic,0.8757198,0.12039563,0.003884645
7b19ceb7-6bc4-44df-8784-31ea299ad531,no,0.03423024,0.09431312,0.8714567
bdc2e905-7c49-4c90-bc86-e18f580ba74d,intrinsic,0.94607985,0.050094146,0.003826013
d2c76984-9ab9-43c7-b91c-0503e8152e54,extrinsic,0.03487737,0.9600231,0.005099466
63d86793-e531-40d0-a861-d14c44526eb3,intrinsic,0.60177684,0.38827515,0.009947957
45468c88-e901-44a3-8962-b339095a502a,extrinsic,0.045370586,0.94668436,0.007945059
afc834c9-0668-4f5b-aeb5-8596fb018d31,extrinsic,0.028183663,0.95503587,0.016780496
997d6844-0dc0-446f-bb51-a8199749fbe5,intrinsic,0.83078575,0.07451043,0.094703786
52d158fc-3ba6-405e-970e-8894ade4f1dd,intrinsic,0.9068967,0.071788624,0.021314666
52c77165-5d39-4ac9-a997-548bd3f1927f,intrinsic,0.96984327,0.02619955,0.0039571566
21a0d564-ce6a-40fa-a84c-aeb5ebe11878,no,0.015444627,0.020601302,0.9639541
60671835-01da-4004-a805-865a14e33e8b,extrinsic,0.06112672,0.93231833,0.006555016
5c978b90-5c9d-4350-8ef4-b5096326c419,extrinsic,0.1362222,0.57549685,0.2882809
16c9914f-9484-4ca4-b631-aaf00871c4d8,intrinsic,0.90934354,0.084507495,0.0061488934
5ede5384-3356-46cb-9bcf-8fbe4f49270a,intrinsic,0.96482897,0.030806744,0.004364295
ed0433fe-4317-4ce9-9c56-9535b2aa056c,no,0.039767735,0.058801156,0.90143114
64af8e8c-390f-4236-a2ea-62e8333f5857,no,0.021302443,0.042113855,0.93658376
cb25604b-6d79-4042-8965-e51f8fdf5f25,intrinsic,0.64178276,0.34747934,0.010737884
6557db59-9cf2-422b-8d9f-56bd4d0cd1b1,intrinsic,0.85449636,0.10538291,0.040120713
564a060c-44b5-4cf1-86b6-de981377adc5,extrinsic,0.24953276,0.74355495,0.0069123106
c85e4dda-ccac-451a-8b07-a3a736598c7d,intrinsic,0.940766,0.05532712,0.0039068796
bb38efda-e235-4ca4-aeb0-407a5a320639,intrinsic,0.79618067,0.19562502,0.008194366
386616a6-08c0-4ec1-93c2-b6db20d38505,intrinsic,0.9867144,0.011871722,0.0014139119
2fe487ab-f8cd-4666-a6bb-a9c39345eeb9,intrinsic,0.6461041,0.34934354,0.004552344
186dbd22-b0b9-4f17-862e-dce383045015,no,0.015211527,0.011953303,0.9728352
24b74ac1-00e3-4cd1-a098-147f50fc2c07,no,0.021143157,0.04505059,0.9338063
1089cee5-307a-4819-89ef-4bd79ecd2f6e,extrinsic,0.06671781,0.9195128,0.013769377
2cbbe9ff-aff8-4a96-860a-cedfa96acb2f,intrinsic,0.8591411,0.13427022,0.006588683
ad91e1f1-6d5f-4921-87ae-25a74fdc8f23,extrinsic,0.020266611,0.96236837,0.017364956
2c7bbc1a-c170-43f0-a49d-243f4961dc0f,intrinsic,0.9367918,0.046735164,0.016473083
754eb1cb-2da0-4ffe-9033-666a89f25271,extrinsic,0.04502544,0.9366187,0.01835581
d8caeb9d-bd1b-4d71-a147-49a6dfa7506e,intrinsic,0.90782183,0.08776954,0.004408588
b6540518-d051-48c4-a6f7-80957d168939,extrinsic,0.20724383,0.73337233,0.059383895
1567d1b6-9234-4f04-8453-2269d2d11f89,intrinsic,0.95076984,0.044230144,0.0049999855
6f182ad1-1e66-4b45-84e6-c2b1481c42e0,no,0.022218201,0.018840114,0.9589417
e2fd80dd-dfae-48f0-aabd-d7b6097e1f3a,no,0.11276166,0.12198039,0.76525795
73c6a156-e099-4aad-85b8-c0501e5839a6,intrinsic,0.9704148,0.022395551,0.007189625
9f8a57d6-a3ee-40f7-84ea-62c8257a27a0,intrinsic,0.8635709,0.13153046,0.004898557
ab159190-055c-43af-951f-cc178fa60324,extrinsic,0.0497146,0.94395477,0.006330653
32bfb541-fef6-4b4f-af6f-78154473bc73,extrinsic,0.477363,0.495184,0.027452929
e16e6c61-17b8-4ae5-94fd-030d64de8374,intrinsic,0.9535193,0.043469172,0.003011484
d3686e4b-2c1a-4617-ab65-973ed45cf6e0,extrinsic,0.1925009,0.47582725,0.33167186
64c49caa-4ea7-4af7-975b-f06605cb02cc,no,0.110683054,0.07334068,0.81597626
8402efb1-ccbe-417d-a152-f5558d99a27c,no,0.027629517,0.019756723,0.9526137
13cbca94-28b9-4fc4-ab86-e2b519206e4a,extrinsic,0.028132422,0.96123993,0.010627603
7f7fe80d-5eb4-44e4-b48b-db8dcfe09cd6,no,0.022960495,0.013606978,0.96343255
5952685c-bfad-4efb-9f52-3291a7a88a4f,no,0.0440908,0.030921152,0.92498803
75f4f5f9-c3f5-4f90-b945-5df32f22636d,intrinsic,0.9629901,0.02895374,0.008056118
a59d6c54-3d08-42a1-8657-355b747308f2,intrinsic,0.88904935,0.06498691,0.045963787
2f5bf0e7-ce05-4496-bdc8-9ba72a13a425,extrinsic,0.11728563,0.87573,0.006984298
0364d399-f246-4059-a5a3-c6a1d3edca3e,no,0.04002802,0.028859342,0.93111265
a11b47d4-a798-44dd-87bf-0c9eb74f38ff,no,0.048887216,0.33009553,0.6210173
d356dd8d-4b08-4d4a-b254-0552befa8531,intrinsic,0.8834815,0.04438925,0.07212918
df653a40-d2c6-454b-aee0-a8a2157ee7b2,intrinsic,0.8869375,0.08370483,0.02935761
d0b5d47b-f843-4f8c-b408-650ea3c86910,intrinsic,0.7837681,0.18075521,0.035476707
48c43fd2-dbf0-4055-9395-6f2e7f49768a,extrinsic,0.03609589,0.95353013,0.010373926
ed60292f-849c-4db3-bf9f-31d536fe9aa0,no,0.021920452,0.04561008,0.9324694
b1173972-cab0-4c2f-a810-d9c8ff4840e2,no,0.03916441,0.051006585,0.909829
e057259f-a769-40a4-b2d4-24abb97d98bb,extrinsic,0.04360142,0.9320436,0.024354957
30b4ecd0-148d-4c00-b527-da89c07d594b,extrinsic,0.10865383,0.8004072,0.0909391
6d78e025-49e3-485b-8dc8-f58891752621,extrinsic,0.05481651,0.9146157,0.030567845
66c9658d-0bd0-482e-8bcd-3ebab84f0de4,no,0.011898634,0.014590139,0.9735112
47cbae59-4316-4039-a89c-bddb66f93ade,extrinsic,0.018702995,0.9703625,0.010934472
61d46801-7713-4ae7-8ea4-1c86962eba43,intrinsic,0.82060033,0.14345527,0.0359444
ed0ebecf-ee4f-42de-a44f-afc81968d087,extrinsic,0.021225937,0.9701885,0.008585529
69f134bf-714e-441f-a87e-c5298e4971f0,extrinsic,0.10517035,0.86035895,0.03447077
939c2ea3-2779-4f43-9dda-75592496a35c,intrinsic,0.9296744,0.062040456,0.0082852
50a7e15c-1ca1-4744-b331-4e4772e376bb,intrinsic,0.9693922,0.026415624,0.0041921693
6ccd0006-800a-45c6-89e8-1b0a0b59239b,extrinsic,0.035309065,0.89400166,0.07068928
b92d18a1-af2a-4f8b-9e63-6ad36e30b185,extrinsic,0.03596658,0.9584697,0.005563713
8fcace8a-3050-4209-86a2-9ee2ca66ad2c,extrinsic,0.023291199,0.961599,0.015109806
fba52ed7-c354-494b-847e-09d0d07005b8,extrinsic,0.04740384,0.9446018,0.00799446
d6c07ced-c421-4ca9-b839-33af011ff07e,no,0.008616803,0.0070270505,0.9843561
962d24d1-c421-42ac-b64a-bcae31718c2e,no,0.018458115,0.03042078,0.95112103
1c227b0b-ffd6-4cb7-b582-6739fadc2fd4,intrinsic,0.65505266,0.17284916,0.17209814
a85f2199-fff2-4212-aba6-7ca08c97784f,extrinsic,0.032517377,0.95835745,0.0091252215
0d65e7e0-942a-44cf-af01-b0e4063261fd,extrinsic,0.054417606,0.9307873,0.014795095
cb6508c1-78c7-47f8-8255-03a617a9e44d,extrinsic,0.032952942,0.9381665,0.028880635
f6e4e860-a4d6-4e3f-8c8c-c5f532963286,intrinsic,0.8104301,0.18551017,0.004059664
7b9c9e95-a5fd-45b2-8df7-bf34a58d19a5,no,0.07916332,0.32826316,0.5925735
d6034b67-93f6-4638-8c4d-a60ea313d47e,intrinsic,0.8697654,0.1232705,0.0069641373
cd10345b-bc65-403b-bf0e-7301047466c8,extrinsic,0.05352372,0.94121903,0.0052571925
90897a80-4362-42da-bbe5-d423943029f0,intrinsic,0.9210022,0.07491845,0.0040792977
fe962319-b666-47f5-be00-d0b92dd43526,extrinsic,0.037293706,0.94986326,0.012843041
fae9db9c-d403-4d2f-94c8-0a5a5faffeb2,extrinsic,0.08288212,0.90410304,0.0130148
282a48b0-fc0d-4184-87cd-6625c79c277a,no,0.015484806,0.03503675,0.94947845
33cac6f2-ea3e-4752-8785-f3fe73f5cf5f,intrinsic,0.77897805,0.21088304,0.010138847
1c1d4230-cbca-4ebe-b76c-08e0fd71de76,intrinsic,0.96810496,0.028680626,0.0032143844
b4f2430a-6956-402b-8eb7-b3a226dad723,no,0.012563624,0.00767069,0.9797657
c9187bbe-e388-452a-ab2e-98d79231c2e9,extrinsic,0.1956885,0.78226686,0.0220447
0b136a2f-9895-43e1-b4ce-bfdea1970bad,intrinsic,0.5372422,0.19898713,0.26377067
0002b256-3853-437c-bf7b-587c38ed3c6f,intrinsic,0.4987161,0.4899229,0.011361064
8d072c3e-3c4b-4914-82b1-68236b2aabd4,no,0.01757543,0.009180933,0.97324365
a21b022a-37c1-46b7-ae84-08908416b6c6,intrinsic,0.7930639,0.06657147,0.14036462
c9f50e8b-a0c1-471a-a08c-3dad80f844fb,intrinsic,0.91849256,0.070868425,0.010639022
c18ac64c-fe23-4a3e-ac9b-ce885b3741a6,intrinsic,0.9127321,0.07188325,0.015384657
71fd5ac4-3260-47dd-ab77-83ea229713f9,extrinsic,0.026167056,0.9566945,0.017138466
f4516227-3150-42c0-8deb-a74e7c2683d2,no,0.39629838,0.07293929,0.5307623
6a1e62da-1fc8-4ddb-aa72-c835759a3c09,intrinsic,0.9027847,0.050724894,0.046490364
081f819d-d587-44ff-8c6a-c3ca2e31e624,intrinsic,0.8359402,0.1445485,0.019511294
53b0db6f-f711-4dea-a66b-ecf0c197f35a,intrinsic,0.9030017,0.086203,0.010795272
6a221f4a-1f09-4275-9a85-9f60f432dc47,no,0.048891712,0.1913386,0.7597697
c1c71731-78cb-4a15-ab4c-e4ce8050b335,extrinsic,0.024479074,0.9481282,0.027392706
53cabad9-defa-4d0c-9dec-46be4ce52af2,no,0.2998736,0.036783267,0.66334313
c05dad12-28d8-4ae2-aac8-d276bdb522a5,no,0.14482923,0.07524892,0.7799219
65feb833-175a-4bcf-bb68-f0aeecd1e0f4,extrinsic,0.10351622,0.87231874,0.024165053
73e5d11c-da79-403e-b736-9811f3af4cd2,no,0.054793812,0.07003729,0.8751689
aa5a7631-8f13-4f5a-8292-f031c14b9dc1,extrinsic,0.21715929,0.7710132,0.011827541
2ce4e36e-f140-4bd2-9233-367a65c54343,no,0.027862921,0.029096596,0.94304043
37cd1f09-5327-44e0-b8b3-504067761929,extrinsic,0.017134594,0.9720624,0.010803041
9873cd5c-d0ab-44ed-ae90-174ea06caf2b,extrinsic,0.0680386,0.8815016,0.050459836
1e4fe459-3075-4168-965d-0b45e547a93c,extrinsic,0.34784365,0.63805664,0.014099726
0eb00e70-450a-403a-8062-368e2668bfe6,intrinsic,0.9538374,0.042403474,0.0037591131
15675da8-3295-49b9-a3e5-a4c7ce0c140a,extrinsic,0.1245012,0.85969895,0.015799906
245baa45-8005-4345-b59f-2c9f9d075d40,no,0.017649714,0.01740927,0.9649411
3ceeb950-9784-4896-b6f5-8a8b156e42bb,extrinsic,0.040320553,0.9531431,0.006536285
2b813f2b-6543-4165-83c1-b672b0fad10f,no,0.011030218,0.010918775,0.97805107
ba615675-efe9-4823-bc97-62940b126b63,extrinsic,0.028190304,0.95900327,0.012806309
fc350443-db1e-4ae4-91a0-ceb5c0413b41,no,0.020569235,0.038382195,0.9410486
095bb56b-fe88-4e04-a880-ac32a8be95b4,extrinsic,0.028416947,0.96610636,0.0054766675
4502c0c3-7dd3-4da5-9584-81111fb74f7c,extrinsic,0.031032814,0.96158236,0.0073847543
7680743c-c378-4fa7-981b-fc78da87b54f,intrinsic,0.8019676,0.18727618,0.010756221
59873c5a-99c8-4592-ad23-bf4f4237f8fa,intrinsic,0.9394354,0.054214787,0.0063498365
fdd945f8-a656-42b1-9976-ea7a282501a7,intrinsic,0.9723831,0.0232089,0.0044080247
480dee90-77b4-40a1-bad5-40ee8e1c388b,intrinsic,0.79616946,0.041881185,0.16194937
e3f6016f-52cd-454c-8653-260b454d597d,no,0.032245815,0.023859799,0.9438943
3d83aedb-cb68-4170-bb9f-d9d125444e7f,no,0.03580577,0.038794592,0.92539966
224236a2-6bd3-45c6-8a82-8fd4e68129f3,extrinsic,0.04523944,0.91350704,0.041253474
ac16cd97-2f15-4571-a584-8b92696635a7,intrinsic,0.9539284,0.026561832,0.01950977
59cc6648-f0ad-4360-a5dc-6e5f1f10db95,no,0.017175257,0.013462745,0.969362
96757b8b-eaf9-4326-91c1-f84610238344,extrinsic,0.1202944,0.8698491,0.00985653
84802556-9476-42fb-a404-3c3738d9e561,no,0.013740593,0.007399109,0.9788603
2a074e18-047b-4ebf-ae58-a505d1dba279,extrinsic,0.2055972,0.7469662,0.047436528
cc9b0f5e-4784-436c-8bc1-3e268b5de377,intrinsic,0.95364743,0.02805086,0.018301733
ecc434b3-5555-47f2-a11d-50851df8bcd2,no,0.16729625,0.25562143,0.57708234
5f7ac773-6403-4fab-988c-419a38e7b73d,intrinsic,0.9763382,0.020312373,0.0033494798
ad85b10f-8bfa-466e-aba9-c10e9c785bfe,intrinsic,0.54351,0.4357455,0.020744469
20232941-6b24-468d-a934-234e78e54ebb,extrinsic,0.09812404,0.7962028,0.10567315
601a1751-82b5-4aa2-804a-9d730c7550bb,intrinsic,0.5879726,0.38569805,0.026329445
25cb7baf-2a42-4a30-892a-e87a095dbaf8,intrinsic,0.9646611,0.02796962,0.007369297
dd9ec0db-80ef-4c0c-bacd-d31830a099bf,intrinsic,0.87493837,0.12057518,0.004486499
74b7d837-eca2-4a5d-bebe-8138b94395b5,extrinsic,0.03305296,0.9616174,0.005329721
58dffe1d-0490-4906-a8b7-e48e0611b138,intrinsic,0.875972,0.099620186,0.024407832
6d91992c-fd33-45f8-8438-2161f1a674d5,no,0.05182694,0.34743923,0.6007339
363db022-bbcd-40b1-aa03-88ac8675eb0d,no,0.031917308,0.121664025,0.8464186
65bc915b-1ebc-4270-8560-60145fef1f00,intrinsic,0.8875478,0.105530955,0.0069212457
4a6bc730-2ffd-474e-ac9d-7a22c5899b4a,no,0.013562586,0.008380765,0.97805667
f41c73dd-c5ea-4ee1-a92a-6241cf03c97d,extrinsic,0.10959355,0.8692258,0.021180574
d5ea5697-233b-4898-a8be-cb291a87321b,intrinsic,0.6632785,0.1062347,0.23048677
15e0875b-c204-40fc-95bf-d7ea5a044f26,intrinsic,0.87927115,0.115827516,0.004901335
8c84a54f-118d-42a6-be75-515539b13461,intrinsic,0.71746206,0.26825073,0.014287261
3d6e5f07-1c29-4738-999b-403920f180b9,no,0.01090656,0.009307627,0.97978586
b6fe2e40-2594-45a0-a805-46e07a0dd0ff,intrinsic,0.9464578,0.047650445,0.0058917343
44091ea8-c1ce-418e-8102-4c88af68f8c4,extrinsic,0.028629947,0.9634575,0.007912452
d1b5bd1b-7078-4500-862f-2cf1f924cf41,extrinsic,0.06481325,0.8966731,0.038513638
76e4949a-8afc-4a3c-b671-4e9b2921fefe,intrinsic,0.8832951,0.09602156,0.020683318
11b1688a-4357-4e29-ad84-37bb8e0256d5,intrinsic,0.9268526,0.060347244,0.012800167
1c0640f3-7e02-413c-bfcd-c0d34091ce4c,no,0.023927752,0.051227067,0.92484516
e2b205e4-35dd-4175-9b8c-cfa2509cd05a,intrinsic,0.91890335,0.0754419,0.0056547127
a80981b4-4ea6-4b5a-a4fc-81a02f93ddfa,extrinsic,0.034540016,0.9012176,0.0642424
2b52dca4-6c8b-4534-858a-c0a07e3d0d3b,no,0.016021913,0.013801733,0.9701763
4cfd93e4-eecd-413f-b293-3e29386f13b2,extrinsic,0.06917459,0.9181222,0.012703145
67429bc8-1e12-4fb7-be91-3179786f4459,no,0.40964472,0.04196682,0.5483884
d8ee6f7c-b182-41e3-82ad-fd9e928484dc,extrinsic,0.043044683,0.9509829,0.005972357
09884f26-1d92-48e3-aba7-374479f86098,intrinsic,0.39563438,0.38325924,0.22110642
edd98ed8-5e1b-4cfc-b792-b9206710eefc,no,0.027401887,0.18796878,0.78462934
7dca0fc4-8329-45e6-9a8b-5dac389e2b58,no,0.012987155,0.01718841,0.96982443
6ab7a59a-1e6b-4cbd-9dc6-93809e02f05d,intrinsic,0.9159502,0.07900666,0.005043131
df3b1e3b-eec8-417b-ac7c-a0e5e6e51484,intrinsic,0.8773985,0.10496737,0.017634187
8acdc9fe-4343-4805-8dc0-a3d79e0cc9b4,extrinsic,0.058167625,0.921191,0.02064135
f5ab4f5b-026a-4b40-868d-e3aa32cf2037,intrinsic,0.8886739,0.10721237,0.0041136364
c9054cd0-46df-4dc1-8541-65fe96a3dd1d,no,0.053178072,0.11445439,0.8323675
42a0d02d-3f31-4b05-9bb6-4145dbabfb84,intrinsic,0.91932094,0.07394682,0.006732223
1014e897-5e22-4060-ab5b-90686e3813fa,no,0.023595132,0.01083871,0.96556616
710c20c8-8752-4e2d-b100-0dcfde1004bc,extrinsic,0.115974925,0.46156105,0.42246398
5818e709-b0d6-4c0c-a5d9-50f27c653ff2,no,0.06394799,0.050993536,0.88505846
3453630b-e1a9-4c06-87ce-56d326f2849d,extrinsic,0.03054378,0.93939054,0.030065726
47181dff-66f0-47c1-bca7-09a7b80dcbd3,extrinsic,0.02896933,0.9670569,0.003973781
8d55a4c8-02e1-4103-b2d0-3126654e7759,intrinsic,0.54263985,0.11186662,0.34549353
dcab1366-6434-4c99-b339-8b0592b55959,no,0.032413308,0.03136728,0.9362194
89fd7059-6b26-46db-be1d-b145d5342b49,intrinsic,0.9548752,0.030336529,0.0147883305
3142b392-403b-437d-9793-1557f425d460,intrinsic,0.95261073,0.04226893,0.005120262
99bc23b4-40b5-4109-b748-38dfff0fa6df,extrinsic,0.39822367,0.44614294,0.15563336
3740fbcf-67a6-4443-97ef-9222df992215,intrinsic,0.89648706,0.098411776,0.005101092
f46b291b-fd44-4be0-82ee-be61d9601d79,extrinsic,0.2755196,0.7129077,0.011572669
5417f9fa-e8a1-42f3-b5cb-e2645af8ff0e,extrinsic,0.14043453,0.8428667,0.016698727
51ea1edf-ccf3-4915-aca0-0d143f996d20,extrinsic,0.08536251,0.9024247,0.012212843
ad886caa-1716-42ed-acf8-2ec9058bd6d3,extrinsic,0.4449787,0.48208746,0.07293385
d5c16384-8edd-4c33-9283-71818a6a9d6e,extrinsic,0.13821365,0.7975205,0.06426586
5b78bfc2-0de3-4ac8-99f2-9aedadd428ea,extrinsic,0.22662322,0.47553286,0.29784393
5b7bc936-885d-416e-8e93-4b8edec4b85a,extrinsic,0.061636306,0.9342659,0.00409771
9e37cc4c-647c-44a2-acb0-63df2b74858b,extrinsic,0.1401304,0.8483119,0.011557678
bc958fc7-a8ac-496d-95a8-1d4a81f3eb43,extrinsic,0.054928232,0.85705394,0.0880179
63417834-d754-4895-8cd3-fa861a9daaca,intrinsic,0.900102,0.05697914,0.042918846
8c8a180b-9d99-44b3-8d4d-afc6daf87f74,extrinsic,0.12833951,0.8659026,0.005757965
dc659c03-3866-42db-91ec-563ded26de8b,no,0.27384368,0.12982786,0.5963285
1a1e1374-59f2-4a77-bf25-9bc95bd2694a,extrinsic,0.13314907,0.8592811,0.0075698267
addbb3d6-e894-41db-b532-c82caa108363,extrinsic,0.4186898,0.44601384,0.13529633
8de1a4a4-8b19-4c4d-9d9b-931baaf95ced,extrinsic,0.028641213,0.96282613,0.008532655
6e8466ef-f504-492e-9c6f-a40638a0e60b,no,0.016130656,0.06598505,0.9178843
239a7fbc-9328-4d9e-9d28-fa29a70d5d56,extrinsic,0.14303839,0.7872721,0.06968945
8e876e46-5e53-4cd2-8477-e50b87ce0977,no,0.0091810925,0.00849943,0.98231953
2521e017-88b9-4c9e-b565-9a105ae62256,intrinsic,0.9701359,0.02603088,0.003833158
a9c3f1cb-3ab8-4553-a9b8-dbb688aa4bf8,extrinsic,0.26208413,0.7083051,0.029610725
e6f330dc-7c68-46db-b120-3d09aa96835e,intrinsic,0.8177655,0.079426944,0.10280751
cfdbe4db-9fde-4798-9139-988f63ff8a10,extrinsic,0.046373002,0.94678247,0.006844545
a69e6c4a-0984-4757-8edc-85e449af5649,extrinsic,0.03985518,0.9512441,0.008900721
4942f74e-fa2e-4680-a48e-504f3740915e,extrinsic,0.43355176,0.54752576,0.01892247
e335f5e6-1dc5-4c72-93d5-5c10afbd0462,no,0.0127408,0.0129447775,0.9743144
3bae0334-88b6-4272-92fa-f2592edaf78a,no,0.015107054,0.016227867,0.9686651
e5aae8d2-e857-4a7d-bdcd-a5ebfdec791a,no,0.02535733,0.023209577,0.9514331
8541a159-ba02-41a8-aacf-2882cb934d04,extrinsic,0.015649788,0.96993566,0.014414516
0e7db9f3-839b-452c-adb3-f0d10d8614c4,no,0.024002071,0.0136049995,0.962393
4ee9c4cf-f361-4f5e-81ea-f2fd9b18de28,extrinsic,0.06435692,0.92549366,0.0101495115
93efe370-c58d-4073-940f-7d3a5467ecc1,extrinsic,0.02953931,0.9620583,0.008402356
cf67f640-ae6f-419f-84f3-a5b33a8ea139,no,0.04653417,0.19762719,0.75583863
1f962f7f-4849-4188-acf5-b999dc8e6159,no,0.055354845,0.08231468,0.8623305
d525aeec-d311-44a5-b308-88fc1be28645,extrinsic,0.060995303,0.9322199,0.0067848
e6c6abd2-27a6-45f9-b06e-567bb19ad510,extrinsic,0.07591584,0.9161534,0.007930771
27af646d-6fa3-4d53-8fc8-70e8f6a4bc75,extrinsic,0.019659786,0.96367943,0.016660774
8c876984-98d8-4302-93bd-93b7f77d96c5,extrinsic,0.025259621,0.96682906,0.007911321
92f2108a-686c-43a3-ae96-78eeca89aa8e,extrinsic,0.019165259,0.9685209,0.012313942
00b3d0a4-1847-448e-b3cf-7bbaa886d89c,extrinsic,0.01107613,0.9778796,0.01104426
923e9909-4787-443d-ac2d-32bbcc7f657c,no,0.012425695,0.0068185246,0.98075575
ad38ee1c-6d7a-4748-842b-4d73376f5f9c,intrinsic,0.90191066,0.08654951,0.011539809
955ac121-6601-445e-842f-6a47771c6819,no,0.015270327,0.009341644,0.975388
378b9bf8-338d-4b4f-90a1-fb3a708a15d7,no,0.019580757,0.009650657,0.9707685
4076006b-12ab-42c4-870f-e41ad89ea6be,extrinsic,0.43695283,0.52362764,0.039419558
7dee34b9-d97c-48b9-9a5d-ba2b35f22f05,no,0.012365109,0.00820465,0.9794302
82350664-be88-4610-9254-90d1bda92c12,no,0.008120011,0.006819276,0.98506075
3b6a5999-1b2e-4603-a689-3f7b4d661c3f,extrinsic,0.096690185,0.8787639,0.024545858
5c17b718-881d-449b-b49e-ccb228ca5383,intrinsic,0.60894585,0.38656926,0.004484975
99063a76-b2b5-47a9-8ba4-92e9e9c4d756,extrinsic,0.3630311,0.62778413,0.009184728
687eb967-5692-481c-856c-6863ef541c7b,extrinsic,0.030475866,0.9591038,0.010420335
041fbb2d-53ad-4f9a-abea-1d81931fefaf,extrinsic,0.097339526,0.8978203,0.004840117
aed93d75-7ed0-443e-832c-5a0ec3f2c47b,no,0.17718951,0.012333205,0.81047726
3064b586-e983-495a-b331-3621c580e203,intrinsic,0.5925689,0.35204127,0.05538989
dfae3ba1-3f97-463c-b2dc-d25041b4fd76,extrinsic,0.023886783,0.7154352,0.26067802
96e6d519-8016-4e27-bf42-e9b3bb7728a8,intrinsic,0.9094983,0.08178299,0.008718801
2fea559e-f778-460c-9602-91f9420f041b,no,0.029499551,0.036560938,0.93393946
7b85bfd6-9981-4da9-903e-69ee85b0256a,no,0.04862176,0.018022448,0.9333558
144ecc9c-7779-408d-ac29-4938c99262d3,no,0.031518206,0.04220768,0.9262741
6a5116fa-b9a5-43a2-8f4a-743b8ac1da36,extrinsic,0.05123266,0.7479987,0.20076863
9234ba21-144f-4e8e-ad76-65654e210635,intrinsic,0.9383304,0.056353915,0.0053156554
f23854dc-0457-4715-85e6-da655d3d427d,extrinsic,0.19720371,0.77915525,0.02364101
bb5600c5-6959-4f55-acc4-2016cb085b86,no,0.026054375,0.035930794,0.9380148
1c6bd8ad-1525-49be-9f51-44dbf231f174,no,0.09386404,0.14911534,0.75702065
28d8dd19-3c27-4eea-84ac-15428e67c24e,no,0.033948425,0.046470784,0.91958076
61feeb94-b46b-4068-9912-67c2ef0a5a74,intrinsic,0.7555021,0.22327143,0.02122645
78a80a85-d373-48d4-91ca-1c7dbc4be575,extrinsic,0.058848675,0.92874986,0.0124014765
0f64dda1-7755-49ae-8c96-1f502d03071f,no,0.020880433,0.024564343,0.95455515
5d918e76-0242-4e79-8647-339ada14bfb4,no,0.047887214,0.018773047,0.9333397
f4228dcd-2624-493b-a048-39c40378683e,extrinsic,0.052147724,0.94088936,0.0069629787
77c61fcd-40cf-46c0-9e40-f5e98d3a1965,extrinsic,0.17109913,0.8074024,0.021498462
c92171d9-9b76-4abb-8646-3f529c752603,intrinsic,0.97617155,0.019896584,0.0039319214
e05f15fc-9c0b-454b-933c-3216e1fc7e0a,no,0.33913413,0.1943802,0.46648565
b8d39835-0a7a-4dec-b3f6-c3124968c851,no,0.0101564545,0.0073191253,0.98252445
4a215f96-199a-4b1c-a6d0-d0f8344b644e,extrinsic,0.11739492,0.87484425,0.007760775
0bee5543-7afb-48b1-97c4-3ba673fc1be9,no,0.02224459,0.019989502,0.9577659
9aa5d015-8df8-48d8-aa22-5bb3f5d2a454,intrinsic,0.86363995,0.09216144,0.044198632
c507856e-fb00-40fb-abe0-dbd911feb893,intrinsic,0.62004757,0.36336532,0.016587174
2b1f3788-89f5-4229-a064-9715f923ab32,extrinsic,0.010678563,0.9800402,0.009281201
ed884828-be4b-4ee2-ac34-43f1ffa8b780,extrinsic,0.09420823,0.74284375,0.16294809
a229ed57-fa8b-4d79-bc30-49f3d40491cb,extrinsic,0.21541245,0.77236193,0.012225662
1e093bff-bf74-47a3-adc9-0642f1c88649,extrinsic,0.07126261,0.9214406,0.0072968868
9f3eb778-9af0-4a14-aa2f-abfde6fad9c3,intrinsic,0.59204215,0.39164448,0.016313339
2c5d52f7-3809-4ffd-93be-dcfb819307bd,no,0.009265663,0.00679688,0.98393744
efeae046-f5a4-4a41-a2c6-4e0083d49cfb,no,0.07475894,0.056608636,0.8686325
3d8544ff-7932-400b-93d8-ca62bbf02c48,intrinsic,0.93981075,0.057513956,0.0026753177
c51c97b2-24f5-453b-9e6b-c7e2589666e4,intrinsic,0.7470793,0.24985698,0.0030636853
10dae80f-1150-466e-8fe6-d954abb4a173,extrinsic,0.4572394,0.535421,0.0073395222
d1a1abdb-ff1c-46a5-bb7e-47462c675416,no,0.009789724,0.007894416,0.98231584
f2326d77-ee42-4dc6-8a92-49243b06946c,extrinsic,0.04483273,0.9293518,0.025815492
888e82cb-a524-458e-8f16-34a456216472,intrinsic,0.9610816,0.03386555,0.00505278
9d5ea839-38d6-4a45-afea-b46c19891f9e,no,0.055241268,0.05093344,0.89382535
6baf3973-6f37-49b0-b404-a4e39a2d4d41,intrinsic,0.9150313,0.07935481,0.0056139682
ac13e156-10d8-4b9b-b1ac-2b0a3aedbf57,extrinsic,0.24302785,0.72881466,0.028157497
885254ac-5321-4127-8716-908b0deb3204,no,0.021437338,0.0087259915,0.96983665
c422a146-5f63-4303-8d51-f877a16f4538,intrinsic,0.9614499,0.03255552,0.0059945346
fa935a3e-9329-40c3-8a0e-036bfca394ea,extrinsic,0.29716492,0.6452794,0.05755567
6fd261a7-8f0f-44c4-bb23-ccd11bfcab98,extrinsic,0.05378454,0.9382844,0.007930966
860f2469-5102-481e-9028-d1525aa76af9,intrinsic,0.5221731,0.2657562,0.21207067
bc7c420d-9e8f-4c03-8cbd-cd82a3f8619b,no,0.019927792,0.046899803,0.9331724
33a1ca5c-6eff-46e1-9fa0-bf6f036e61bc,intrinsic,0.9109613,0.076526865,0.012511892
9eaeb929-016c-4ca5-9a4f-b269566d00ea,no,0.014613201,0.023445716,0.96194106
ee669cde-33c7-47a4-a3e8-a8cb96a32ada,intrinsic,0.9793474,0.017843755,0.0028088433
17b16478-202d-4b21-a05a-7eeb426cda15,no,0.16628893,0.26867282,0.56503826
9e67bcee-c636-41f3-952c-4ef98ea2e165,no,0.043249074,0.044692166,0.9120587
e05f67e4-d682-47b6-b602-ea2bf526d00d,extrinsic,0.39798245,0.56937885,0.032638706
bb598be9-e775-472c-9695-67210743014c,intrinsic,0.6655488,0.31539392,0.019057296
5d4237b2-bc93-4fe2-9d7d-643e1296d625,no,0.01605897,0.016454464,0.9674866
90210d73-c819-439e-a137-fbd368d02306,no,0.0101395305,0.015980745,0.9738797
1d902d40-364b-4a34-93bd-2b30e792d49e,no,0.0135828545,0.008929866,0.97748727
3b356b29-2d33-47a3-ae23-c37b0080188e,extrinsic,0.021999342,0.961771,0.016229667
1b87c09c-c690-47fb-9045-87f4a76b8216,no,0.025734717,0.0635384,0.9107269
99c8253d-ee92-4f3f-9768-3d437299f592,intrinsic,0.97398835,0.022557411,0.003454193
2fcd2866-a524-4af0-b05e-07c7a428c539,extrinsic,0.04589232,0.95001215,0.0040956065
22d8893d-d055-45a8-9596-0ad86a06390d,extrinsic,0.054704368,0.8975085,0.04778711
554daf23-25ba-485d-8d3e-b81522d3d484,intrinsic,0.93425393,0.059306946,0.0064391843
602f79e3-a21d-46a4-b68c-9da3584888f2,no,0.058502693,0.39663115,0.54486614
8425135b-0293-4178-86cb-d8372fe3eee8,extrinsic,0.10888159,0.88162935,0.009489058
061a1fef-56db-488e-bb70-50afc873ef69,no,0.023734778,0.022466287,0.9537989
50b153fc-236f-4e6c-81a1-0e551c8eb514,extrinsic,0.07089774,0.9127707,0.01633157
8a172e12-7c23-41a8-9b7d-656e8fdf3657,extrinsic,0.047574103,0.9468112,0.0056146584
8b953ca9-263c-46ee-8680-751aafe12087,extrinsic,0.1386558,0.8039403,0.057403836
9b0c73bc-0d8c-4772-83f3-4e25cbf5d89c,intrinsic,0.893048,0.09050657,0.016445464
7843f8db-6e47-43fe-a84b-19dd89fa1070,extrinsic,0.47565562,0.4874631,0.036881365
54cb7159-f5bc-493d-947a-eea8348a7acd,no,0.02033819,0.009353447,0.97030836
04790231-0a08-43ae-8dbb-34760a5c35b0,no,0.21315134,0.19350937,0.5933393
efca319c-b8ec-4331-970c-2d78b72c1ac0,no,0.32919338,0.1146086,0.556198
2aa18935-9cb8-4b20-adab-226df4eb35d1,extrinsic,0.05230307,0.9372532,0.010443785
08309188-2971-47f4-bb80-5bba7e1019c1,intrinsic,0.8950599,0.084026456,0.02091361
4f6f650a-b8a2-434d-8eac-43c19c1f0d76,no,0.014845772,0.00956773,0.97558653
2dee22e7-92fe-4759-b3bc-0af8dbdd8ecb,no,0.02326759,0.027108794,0.94962364
66a4f863-e80d-4964-9a54-a61dc996e149,no,0.062594995,0.14414708,0.7932579
fc894995-c76d-4d31-bca7-b7df9babb0b7,intrinsic,0.9731021,0.022786763,0.0041111335
2df0c777-f07f-48ec-9386-238e732c6228,no,0.015325023,0.010009791,0.97466516
72d953d8-ba27-477c-9829-308b8516dbad,no,0.035824955,0.030022051,0.934153
53cced85-1dbb-4633-ad78-ccc59fe423bb,extrinsic,0.046322677,0.9463926,0.007284657
6135b6b1-b097-478e-8c6f-abdec1568220,intrinsic,0.9075046,0.08359661,0.008898857
8523316c-9805-4c93-b301-96379aeaeebc,intrinsic,0.8419633,0.15486033,0.0031764344
b8d26266-bf50-45b5-8199-e09916ce6a06,intrinsic,0.9244365,0.07196915,0.0035942758
c2c52769-83c3-4e51-895e-c2be9511c811,intrinsic,0.6106093,0.06634255,0.32304817
0116f941-4306-43e8-b3be-11ae76d99b10,extrinsic,0.37626696,0.5871192,0.03661381
68d8ac9f-2913-434b-99b6-f1c555492fa9,intrinsic,0.76875615,0.15038052,0.08086328
1c0d9384-c5d5-488c-9171-b0876dc4ecd6,intrinsic,0.5179075,0.1795436,0.30254892
04a71085-80f5-4b91-92aa-2c877dcea7a5,extrinsic,0.0383875,0.9564736,0.005138919
77818801-fe49-4620-89a4-cf7a168e56d4,intrinsic,0.62531203,0.2972604,0.077427626
1d5423c2-fc4b-455b-affc-c6d1c2dba308,no,0.042160973,0.014355203,0.9434838
f5dc796b-404d-414b-ba61-63d2598a99e3,extrinsic,0.013089837,0.9712214,0.015688812
5a1692a8-853d-4e60-8ab9-0a029e4a4582,extrinsic,0.023061473,0.972742,0.004196498
2e530155-f949-454c-af3e-57563d99c003,extrinsic,0.04257118,0.9342629,0.023166003
c0d6b0c9-9460-4585-bbd6-f050bc0d8ab8,intrinsic,0.9319586,0.059684336,0.008357007
a9c63e0e-78eb-4537-90ef-5ae79278e3a2,intrinsic,0.98120624,0.014783513,0.0040103123
88bba555-c192-4200-9570-49a7d71faf25,extrinsic,0.02045979,0.96837384,0.0111664105
31d01e00-e701-4bf0-a3c5-4dd566fe8728,no,0.014459817,0.010634653,0.97490555
e602b5c0-cc35-49d5-b7b5-11ca77fc5470,extrinsic,0.03329664,0.95097053,0.015732849
1ce9975a-7b14-4cfc-91dc-d17fd726b7f9,extrinsic,0.306951,0.5912271,0.10182193
24e4ec3a-49b3-4a92-af97-715dbeef3996,no,0.01679784,0.0168605,0.9663417
58a99857-65c9-4c0e-9d29-715d8d658ed5,intrinsic,0.9263227,0.07068789,0.002989446
6730bfde-640b-4e61-bc4e-3e8d3ceaffb7,no,0.017720394,0.014085732,0.9681939
d91759cd-0dd3-45ae-a5cc-0af379e90a70,no,0.023667157,0.12244914,0.8538837
dc085561-fa6e-493b-81dd-6f015925f84f,intrinsic,0.97230047,0.02061059,0.0070888377
d46cd410-66c4-4a11-9801-b12d6d913700,no,0.010882861,0.009136294,0.9799809
1d85f28c-d1dd-4d89-af30-2c998c622df4,no,0.004811628,0.0053816657,0.9898067
207f99d2-b0a9-4d9e-87f3-bbb8299a83d3,intrinsic,0.83061254,0.1652354,0.0041520745
985e0875-c966-4dfc-8916-e2758508bfa3,extrinsic,0.06770517,0.9175276,0.014767153
11f15388-830b-4e8b-a95f-7213028257e2,no,0.03538009,0.31080237,0.6538175
bf276a6b-62e6-4ec5-8088-3820ba1c5b10,no,0.0731289,0.06499623,0.86187494
79a64ae5-7981-403c-afce-42fd0377b21b,extrinsic,0.27537137,0.6797636,0.04486506
49de5f3a-717c-4205-85b2-8bab9e3c812d,no,0.1842308,0.31376624,0.50200295
91c2b436-3815-4fff-9154-4f42461fbf9f,extrinsic,0.10902446,0.87780875,0.01316683
0f1231ae-3152-4b36-ba08-f3835af69171,no,0.16416746,0.017501682,0.8183308
a027d5fd-3312-487b-8f10-4761cce6f7c4,extrinsic,0.013697357,0.95971787,0.026584739
edfe5c25-48e5-4434-8d3c-b3f494258dff,intrinsic,0.59420025,0.3989958,0.006803955
427d0ace-88a9-410f-b9b9-d292910b5a1c,no,0.010851695,0.03464065,0.9545076
f0a34005-28e8-4133-9935-48be6e64f51a,no,0.028069293,0.026187485,0.9457432
f03fa63f-1d66-4d1d-99f6-582550460c1e,extrinsic,0.15455173,0.49816498,0.34728324
9c0cbd4b-a239-4ae7-8818-c29703f5368f,no,0.015753793,0.016915003,0.9673312
3e6360c4-3f4a-4cc0-9cb8-aa88d5aa73ab,extrinsic,0.088475265,0.9003819,0.01114282
a7ce3e0a-9f40-4284-a847-3e395c6d2d99,intrinsic,0.891434,0.10291285,0.005653067
34a351e9-da10-4a15-b370-2412d9e95fcc,intrinsic,0.9543584,0.041797373,0.0038441885
be16b564-c610-462b-98b3-6bb9980b7433,extrinsic,0.11368739,0.79329205,0.09302059
e9eff2bd-f317-42c6-b7cd-14ca6101e5d8,intrinsic,0.80477047,0.122677736,0.07255181
