id,predict_label,prob_intrinsic,prob_no,prob_extrinsic
b709059b-b3b6-4ac2-bb88-2c794e2cc219,extrinsic,0.02964512,0.0061994027,0.9641555
7dc35ef5-c4b7-4538-ab90-627b9cbd896e,extrinsic,0.12884615,0.29398495,0.57716894
cfdfa010-f61c-4845-91c9-23f79be2b88b,extrinsic,0.14457321,0.01868549,0.83674127
31b33c97-2f59-4e72-8707-f47de204d7f9,extrinsic,0.22078502,0.013472524,0.7657424
a2c83a00-e8b7-4236-86ce-5e0104df074a,intrinsic,0.976928,0.0029988177,0.02007316
c5972f72-948c-4907-a0d9-5a5077d263eb,intrinsic,0.4651347,0.40937504,0.1254902
c9cb5df4-6c6a-44db-977f-b5a9d59926f0,no,0.025343034,0.9037299,0.07092706
87ae8fca-aa1d-4ba4-bebe-fed2c811dd29,no,0.034699045,0.9289999,0.036301002
faa318fc-0679-486c-98fd-54823a2374f9,intrinsic,0.99633396,0.00025246353,0.003413552
1d0a69e2-146d-492a-8c4a-3f77b7395c6a,extrinsic,0.20278357,0.033030055,0.7641863
67e63111-c12d-4c63-be4e-d84f9f532a6b,intrinsic,0.7799468,0.023597004,0.19645621
147fa13b-ed91-442b-aa56-1efa8a3e4484,extrinsic,0.006237936,0.01261303,0.981149
f3c5798c-82bf-4718-824e-ecbdc5d5ea1f,extrinsic,0.078610584,0.020394245,0.90099514
74bff9f9-90ba-4a2b-9e94-062f6727b1b4,no,0.01915056,0.9566221,0.024227295
2ef86070-adc5-4d5b-8f37-b8e8e0711737,extrinsic,0.013028219,0.010742476,0.97622937
52b16a7d-6c31-4ef0-910b-b3c9524d2aa0,extrinsic,0.07041539,0.0067914394,0.92279315
0cbaa260-29c7-46ba-8762-c19f795c9715,intrinsic,0.95119166,0.014639865,0.03416844
be1605fb-5ddb-4620-a483-e73270ccc3ab,intrinsic,0.53863716,0.3979411,0.063421704
a97690f9-2109-450d-b52e-fd66538ac80e,intrinsic,0.9310518,0.004032179,0.06491609
53eda0a3-8b61-423b-9e97-8f9dc7899da5,extrinsic,0.014412846,0.0023956965,0.98319143
c984c8c1-0505-499f-a418-030a972f87b4,extrinsic,0.04043749,0.0069215246,0.952641
911e2881-3297-451b-b9f7-a3842688e811,extrinsic,0.24892586,0.07823256,0.6728416
d95f6c1c-bf53-4d9b-8245-ceffa88f5366,extrinsic,0.22159967,0.11426293,0.6641374
3587ff61-22e7-4248-b697-e3b86bafb324,intrinsic,0.672945,0.036043823,0.29101118
28474ed7-0f88-4b49-9948-d9280f01cdf2,no,0.07980788,0.8898349,0.030357203
1d482b01-5f17-40dc-ae68-2496571cc900,extrinsic,0.04585461,0.0051134145,0.949032
d4df3d68-bbf7-4271-a4e9-a3cca9dd18b5,intrinsic,0.9587979,0.0069185128,0.034283616
6817a7a4-438b-4f6c-9afb-bfdd7640b938,no,0.022756498,0.91951585,0.05772765
9f7e65e5-dc55-421e-8b2b-d5ab62cba1c6,intrinsic,0.9711586,0.0033037974,0.025537627
95617e9b-4aad-4e0f-9837-8f3b2f19aab9,no,0.022177296,0.91397053,0.06385215
6a2a73e3-a709-497b-9b21-e43974c8ed11,extrinsic,0.007961685,0.0021911378,0.9898471
0838092e-cc53-46f2-b70c-698ec63adb92,no,0.0061480007,0.9873103,0.0065416987
ae7ea16b-f316-4c1d-b0d0-7f2a1465cdae,extrinsic,0.46712762,0.044420585,0.48845175
6753d640-2495-4e56-b7ba-7a0cba741d42,extrinsic,0.11181063,0.023273803,0.8649156
fba48cb8-665c-4d8b-9cd3-affa84bd973a,extrinsic,0.28818193,0.056730736,0.6550873
dd3de1a6-21f0-43fa-a50b-55ba853e1f2d,extrinsic,0.081127495,0.0725402,0.8463323
c42af041-9f49-411a-8b6f-0bf4ceec1cd3,intrinsic,0.86743,0.020111784,0.11245822
24f0ade9-de2a-44de-bdd4-c0e8ee9e768f,intrinsic,0.982863,0.0018423576,0.0152946925
6cdb1a88-d3b1-416d-a3ab-89a52f6cd2cd,intrinsic,0.8782288,0.02887649,0.09289461
833ef7fb-8da2-4e02-824a-9401668f1c23,intrinsic,0.95640486,0.005486391,0.0381087
7575b8cf-4deb-44c9-9329-071da25d919b,extrinsic,0.044430234,0.005442258,0.9501275
719b4a68-6b6a-4c55-9e4f-9b91ac42c80f,no,0.0046884194,0.9889613,0.0063503375
a1886042-c759-4987-8ca1-6b0bcd0e7cf3,extrinsic,0.027964754,0.00835603,0.96367925
73276dc7-d9d9-4c7d-9490-f16944ab5600,intrinsic,0.98803663,0.0031236347,0.008839716
0527270b-eb9f-4f9c-969e-990d4fedf740,no,0.051646184,0.8537544,0.09459947
f05c0dec-152e-45b5-bd67-4877d24f8f6b,extrinsic,0.034529787,0.007894964,0.9575752
b95e1113-c4de-4a71-840e-ca737e60222d,intrinsic,0.9466454,0.0046279575,0.048726697
65473e52-7738-405c-a3b3-fbc5896e03bd,extrinsic,0.34994322,0.024228645,0.62582815
93895c19-e978-4d68-9f62-7dc9dd0c8793,intrinsic,0.94455385,0.007267814,0.048178308
f3659a06-b537-4fd0-95e1-d5cc2f8bde4f,intrinsic,0.8869632,0.018050632,0.09498617
9c463d20-ed7f-4b76-baa5-12c214987315,no,0.032395124,0.94849026,0.01911463
dd205f51-9579-496f-86cb-c48c6921ad95,intrinsic,0.9889388,0.0022710997,0.008790197
6ba0f481-14ce-4268-be62-2ee1912f313a,no,0.009248262,0.9817395,0.009012192
9380ad73-a84c-44ec-9f3f-a8081c6558d3,extrinsic,0.11007381,0.0980031,0.79192305
256bdd5a-fb4a-43da-8c0d-06c0bc27871b,extrinsic,0.18033794,0.01425234,0.8054097
8e49b0bb-92fd-4794-8172-dc200f89ad1d,intrinsic,0.94231695,0.0037491766,0.053933803
1f28d882-0bac-4f12-a5d0-10425958259c,intrinsic,0.9885079,0.0020197923,0.009472239
32ca8a1c-2a40-4bf0-87ca-3706dfe69ba7,intrinsic,0.89433783,0.013187854,0.09247432
0ce11603-74e6-420b-be2a-73ad36a04cf3,no,0.012211039,0.9745745,0.013214435
03a5b309-cc61-4bd0-a4b7-f0727f834cd9,intrinsic,0.9796109,0.004928746,0.015460329
6dd5e6db-7bc2-4681-b25c-fbfd4c299ef3,extrinsic,0.054590408,0.010659583,0.93474996
57362930-a2b1-4881-a67e-0de662709881,extrinsic,0.086866,0.15876487,0.7543692
f85980d1-9e99-42e9-a078-d2d1f51a84a8,extrinsic,0.019321438,0.0042897626,0.97638875
9ad500c2-252f-4cf9-a724-9a5461de8e21,no,0.33987233,0.5286452,0.13148248
83bde43e-6ab5-4440-8694-b36e763ab138,intrinsic,0.9780703,0.00378383,0.018145764
6e4fc174-49f9-47d5-9259-6fde9d5d3c18,extrinsic,0.048104327,0.010300385,0.94159526
288bafa4-5e05-4c33-8441-f8ba187661ce,intrinsic,0.96981615,0.0034291781,0.026754713
8896fcbf-9580-426c-a48e-799819e884e8,no,0.01401507,0.9747448,0.011240127
d2b0536a-5175-4152-8fda-955f3bc0c1cf,no,0.0052546007,0.98141116,0.013334155
4bf428bf-f017-4e60-a58d-69f6ab1db1ef,extrinsic,0.06152601,0.006418927,0.932055
8407795d-fc74-45dc-b951-d75b9f0cb91a,no,0.003752543,0.9884824,0.0077650044
60f3cd4d-8f5f-462e-bdc8-103b143ccf6d,no,0.00271705,0.99209243,0.00519044
ff4d20c6-3283-4254-add8-253627510e66,extrinsic,0.042061992,0.0111608105,0.9467772
b27a3cb5-dd27-4bac-b41f-ee81715e0d51,no,0.013900773,0.96878123,0.017318
d110d07b-1870-4435-adc9-ca265ec03ac4,extrinsic,0.014651927,0.0038167252,0.9815314
df45d856-d981-4991-bd75-1e8cc9947cc4,intrinsic,0.9254617,0.0102646835,0.06427352
089856d3-082c-4846-998e-b35f19a97876,extrinsic,0.42840075,0.022301605,0.54929763
65864497-7f4e-4c5b-a9fd-b8f3cdd71f28,no,0.33901167,0.4270924,0.233896
7b06f09b-ed14-4192-913e-6d6a1bb8f2db,extrinsic,0.040263593,0.015143558,0.94459283
b55a4411-fc0f-48df-9803-5b7600701314,intrinsic,0.8303705,0.029352088,0.14027742
8fe37da7-6997-482b-beb0-704212e970c6,intrinsic,0.97276324,0.0017624757,0.025474276
af7d20c7-0d77-4207-a3f2-4ec7ee61680b,extrinsic,0.027388101,0.011148943,0.96146303
4b978a58-d835-4550-ab3d-f1583cea4ca4,no,0.011771202,0.9729283,0.015300522
1629a816-e3ba-45bc-b0ba-90b9de853bfe,no,0.016856313,0.9678705,0.015273176
1975efcd-c7fc-4375-98b5-aee3e177da4c,extrinsic,0.396576,0.0290928,0.5743312
90f39fe9-8961-47c8-83a6-61663a8166f1,extrinsic,0.030530429,0.005926063,0.96354353
9f9837fe-a9a6-48b8-ac88-7576d11bcfc5,intrinsic,0.97412497,0.0014015764,0.024473354
d2a133cc-6604-4d9c-8a6a-7a03a06871d7,no,0.036220912,0.8021338,0.1616453
b7ebf9e3-9dea-4933-a140-e7a6527c1df8,no,0.0050898427,0.98921645,0.005693701
84e92bc9-fef5-4393-9368-0f9082abd4cd,extrinsic,0.26275882,0.024526322,0.71271485
ccfc5fa2-05ed-4682-bec3-f34c54ab7dd7,intrinsic,0.98848593,0.0021088743,0.009405112
f833b079-b02e-43a5-942e-7cd82701e826,extrinsic,0.06426533,0.04702613,0.88870853
cc59c1cf-858c-45f7-ac83-501e3e4d32a0,intrinsic,0.95121586,0.0032445071,0.04553956
a13e7165-b9e2-496e-944f-624cb8b22840,no,0.010854849,0.94246346,0.046681702
f3640a0a-5db5-41ea-9b54-35c9ccdc1c48,extrinsic,0.039425682,0.008326219,0.95224816
76e1958a-19e9-494d-82da-ee4ed2965fe3,no,0.0767221,0.7797041,0.14357376
bef3a421-7c31-422c-89b2-53379ab1af10,intrinsic,0.9614358,0.0031028318,0.035461474
a3a2f092-d3ba-46f1-bef0-0d43d3fc00fd,extrinsic,0.16401733,0.015686208,0.8202964
e15a2c06-fb77-498e-89ed-d4cda4eaf418,intrinsic,0.92960536,0.003703965,0.066690706
c02d7d3b-5f50-4568-aad4-0bbfe710f482,no,0.36050817,0.5609653,0.07852648
d8ad115e-8777-4a25-b84a-40d434d2ae71,extrinsic,0.027653562,0.0081193345,0.9642271
32e7a3fa-1818-4228-a11d-89de3191be12,extrinsic,0.0695375,0.0073785568,0.9230839
d907e74f-8c5f-42fa-9cfc-5f5f79dde00a,intrinsic,0.9220187,0.039533753,0.03844748
fd301105-2147-471e-ae04-a18a07ee0804,no,0.002093586,0.99180144,0.006105072
2f8d2653-6fad-4996-891b-b805c08a2f4e,extrinsic,0.06635968,0.009762229,0.9238781
1b195dde-72ae-489b-a21a-525eaf468913,no,0.0041487226,0.9874085,0.0084428005
5f600ddf-c105-42d7-8688-52fbe91b2c67,no,0.013797132,0.9178093,0.06839358
1b5eee76-c3e3-4960-9e87-09c53d139a7a,no,0.00843896,0.9762082,0.015352814
2771f5fe-ab85-4f6e-a8bc-9e7fe3a05bee,intrinsic,0.9122792,0.008567675,0.079153135
d42d7476-5270-4125-89b1-7fb7ea45dc8c,intrinsic,0.95491767,0.008757411,0.03632492
e8d6bc64-4b57-43d9-90c5-045f9fc66b7b,intrinsic,0.9092372,0.021372246,0.069390595
c460e3e1-e7e4-476c-b8e6-400e0d3cccc1,no,0.012107936,0.9732049,0.014687186
0136221d-c3ce-4986-8502-486fe86406fe,extrinsic,0.2351146,0.02780129,0.7370841
20756147-7473-469e-a22c-3a384dfe48e9,intrinsic,0.9581163,0.0031805823,0.03870308
e6207295-8b56-4430-973b-b586334e3271,intrinsic,0.8412778,0.023078034,0.13564421
e18b2e6e-239e-42a6-a3c6-0862b7a0bf66,no,0.004258315,0.98946685,0.0062747435
3a282882-ccee-4136-9488-164e36271480,no,0.048947573,0.92378914,0.027263204
e0dd1ce1-fb5d-4d8c-9a15-7fafa8e41dd0,intrinsic,0.9686257,0.009374223,0.022000002
fdbd59a5-f0df-4a76-b1d9-28a55363b01c,extrinsic,0.08733111,0.02093669,0.8917322
fbdc72df-ca19-40a8-b5a8-fba45cae9081,extrinsic,0.29723632,0.010908798,0.69185483
3d0a8bde-658b-44f8-9ec2-5f0b61b39592,intrinsic,0.94897276,0.006179888,0.044847336
7664310b-92e4-43d7-8110-7d9ea3b842bd,no,0.004946608,0.986634,0.008419456
830e6e6d-dd88-4d7c-ba77-a3c99efae165,no,0.07711314,0.83151525,0.09137152
982e279f-06cd-4c89-87aa-f44b8f335c1b,intrinsic,0.7788501,0.11779614,0.10335378
e71fa3b3-9443-49ea-a7fb-109e15acd48b,no,0.023861613,0.8989662,0.07717218
70d8edbd-8c63-45d2-a230-e159773a1bef,intrinsic,0.9670564,0.009172782,0.023770807
4b1214c2-0d35-42f7-a05b-c82986f2efb3,no,0.00954166,0.9541565,0.03630184
c61d6fa0-1fae-46bf-ab20-7081478ab11d,intrinsic,0.73867476,0.06676263,0.1945626
c0b94542-5346-4a28-82ff-7748e2325510,no,0.081323445,0.7531975,0.16547908
56fd33c4-9d26-47cf-a11f-8eec87286ed0,intrinsic,0.9818339,0.003372964,0.014793175
0dd54bd9-59de-4d82-a647-b3a12ec70ca1,no,0.014070046,0.9774366,0.008493306
99f2bf5d-e7aa-430e-8869-ba28b9ab2e56,intrinsic,0.9916198,0.0015343728,0.0068457397
81086ad5-6432-4461-8acb-8bf31497db8c,intrinsic,0.98675704,0.0015756726,0.011667326
d4e6b0b9-34c7-493c-abaf-69f5639775d3,no,0.0061345645,0.97499835,0.018867059
23f21852-6dcf-4ea3-bdff-2e7c9baa6fcc,intrinsic,0.9367563,0.0039933403,0.059250332
53a4fc54-20b5-4a81-8514-c84815ea58a5,intrinsic,0.93912613,0.016802233,0.044071555
645f1565-4910-4be6-b4f1-383a0e782da9,no,0.010988082,0.9709038,0.018108148
3604e359-1d64-4239-b40c-2bf85850d30a,no,0.029988425,0.9433379,0.026673686
6f235f13-4011-4337-a395-75f779095cd4,no,0.0018248868,0.9898267,0.008348422
87eebba1-88f3-4bb7-a40e-21f8fef43383,intrinsic,0.9851317,0.0018362568,0.013032087
5854b5db-3b17-41b5-a140-836b3adcadd0,extrinsic,0.038841676,0.005207447,0.9559509
dd71e459-9eb0-4aaf-af8e-000250b16a6c,extrinsic,0.010709012,0.0040899846,0.985201
b7ac89d0-2e13-473c-a01e-a8d0c2acf667,intrinsic,0.97881544,0.0022848714,0.018899657
e6920c88-2785-40af-9245-aea04aa81f32,no,0.014221203,0.96210057,0.023678305
8b0acca3-c469-46b3-b4a8-41b9b0cb95eb,no,0.009914282,0.982317,0.007768684
450408cf-89da-42ac-a4e0-c22b303e8d03,no,0.114542894,0.8491906,0.03626642
75314246-18e8-47ec-b012-c94288ee55c7,intrinsic,0.9054027,0.04907643,0.04552082
13bec668-1364-4ad8-9b98-a4f2ddfdac96,extrinsic,0.12584567,0.025810463,0.84834385
d79a0908-ccb6-4a7b-a136-e45fbb40cab1,extrinsic,0.0067197396,0.0014537869,0.9918264
903b5abe-386e-4688-9a60-090164e87ac5,no,0.01885138,0.96153086,0.019617725
ef5217a8-ddf8-4c69-a577-eba06883a47b,no,0.0117749395,0.97557473,0.012650376
bd1c521f-a89c-4f3c-ae66-3213effe919f,intrinsic,0.51627845,0.3045064,0.17921518
9b03f897-e303-45fd-99a8-04ad6f1ac3ac,intrinsic,0.97207415,0.008366966,0.019558901
a72295d4-eff5-4d50-8b28-38c0d41d46c4,intrinsic,0.97847444,0.0025271599,0.018998345
e35d2ed4-9227-4ccc-8be7-a465d4d0bdc9,extrinsic,0.042751517,0.0038942867,0.9533542
7092a5bb-91bc-4326-8c0d-a93fc22ca17c,extrinsic,0.022123003,0.002919802,0.9749572
79468a93-9874-43f1-8889-3b8bd2d9cd28,no,0.0045121405,0.97916174,0.016326103
d04af7ef-086b-4dd2-9462-d4314cbe600a,intrinsic,0.9787719,0.0034941281,0.017733853
36285282-31ca-451d-a293-52691422344c,no,0.0041718055,0.9901063,0.005721989
ecfea44b-ff1e-418d-906f-8ebaf1b3ffc1,extrinsic,0.02188137,0.0022701286,0.97584844
63aef649-8f02-46c2-8588-9966b78376f2,extrinsic,0.09403038,0.0086419545,0.8973276
41bd6622-45bc-4fa2-9f08-2fa44e8c731c,intrinsic,0.97645175,0.0022863827,0.021261927
4a0b9871-d7b8-4c80-b84f-179da0442e75,no,0.0016921709,0.9944502,0.003857704
da83ece8-a746-4cc8-b25e-619f3e447d8c,extrinsic,0.066880465,0.01281565,0.92030394
9a5ab87a-b9e8-40a1-b99c-66b5670e89e5,intrinsic,0.98504215,0.0048809317,0.010076921
d21770fe-9094-4312-93b0-76b7b493744d,extrinsic,0.02772362,0.002712239,0.96956414
54f9f08a-874e-4a92-ad18-dc3846f196b8,no,0.05012402,0.8603722,0.08950385
92024210-de28-457e-88ef-a0dc751fb30a,intrinsic,0.96630627,0.0064275097,0.027266247
9fbc72fd-4300-4e4f-a93f-9387bb21f4a6,intrinsic,0.8958683,0.013598482,0.0905332
f1bc5ce8-4c76-4207-97d9-90a749ac4d6f,intrinsic,0.81219417,0.10374496,0.084060855
85bb5209-027c-40ed-90ab-e9ae80b2aacc,no,0.047827613,0.87689817,0.07527414
523bf72c-012d-4458-b1c4-5d5de5dbee09,no,0.2648146,0.6956015,0.03958391
21ad0f9e-4e98-4493-a79a-7fe518262dba,intrinsic,0.7937875,0.03772564,0.16848686
21e8277c-ece0-4c6d-8241-14fc01c1f341,no,0.041964445,0.8644736,0.09356202
a60d2858-9853-4a85-8a66-012971ffca9f,no,0.0195616,0.96194935,0.018489163
4c905586-5b38-4e71-9157-c2930c8ef07c,extrinsic,0.2802989,0.19637875,0.52332234
8ad85409-86b7-4be9-a268-2d4c1474bebb,no,0.03783296,0.932814,0.029353052
122b124f-91c0-452c-b066-417f72ac75b0,no,0.122494474,0.79395217,0.08355336
c40c8d57-8846-4486-9f80-c6129660db56,no,0.015319635,0.9722591,0.0124212075
1883856a-4ac3-44fc-b6da-f81984156a65,extrinsic,0.06305218,0.005488692,0.9314591
7afa31da-c29e-44bb-b024-77797da9bf21,intrinsic,0.93401146,0.011644219,0.05434434
90979102-f245-4a5a-88e5-f783bb99140f,no,0.007884191,0.9811226,0.0109931715
91afe2f2-7db3-4a49-8cc1-30663b7e9978,extrinsic,0.21474245,0.07933504,0.70592254
e302be7a-b024-47f4-bfbf-30c5a1a9f53f,no,0.23535907,0.42089605,0.3437449
1ae0843c-552a-4111-ac9f-fd37ed37d97a,no,0.13268498,0.72911423,0.13820076
d0538b22-df66-4e91-a8d7-79a257f06546,extrinsic,0.05978107,0.0082089575,0.93201
7a83034e-bef4-4579-8c46-ab6ad270f07a,no,0.116171926,0.76354796,0.12028008
80618f95-d0bc-4c4f-9443-b92dc97483bb,extrinsic,0.047080632,0.009315122,0.9436043
1dd98f3e-c961-435e-b748-3a0f4c69ba0e,extrinsic,0.03471788,0.0035662644,0.9617159
e28838d0-c48c-4d92-8773-b3a514cddc8a,intrinsic,0.44189343,0.31009287,0.24801378
f33f1fb1-a1c7-483a-83da-ad75a92c4470,no,0.014138919,0.97036934,0.015491713
934c5895-7790-4dcf-b640-b14af84edd92,extrinsic,0.16845095,0.1359459,0.69560313
7efba304-016c-4f50-aac5-73098aa1b5d8,extrinsic,0.021561734,0.0068438607,0.9715944
83035e2a-9e3b-4e2e-88ec-cd8019863ca6,no,0.027074747,0.88136894,0.09155634
dd9dd4af-e6e1-46e3-a104-0a19cf035726,intrinsic,0.96517044,0.005313773,0.029515734
c4aff211-b3ad-4962-8bc6-c98017275b53,extrinsic,0.034299195,0.003304609,0.9623962
c8fed078-2a3d-4228-983d-650f0ad013d6,intrinsic,0.9378973,0.00855133,0.053551365
03d73e83-0234-476e-86cd-4ccd434baccf,intrinsic,0.9764312,0.003368777,0.02020008
ebfcacb6-7464-4db7-af36-e4d5d1754ff8,intrinsic,0.9784857,0.004175473,0.017338723
e793bf60-1fad-49a4-80dc-e03b87c92f3c,no,0.006565334,0.9870186,0.006416123
b5975b5d-66f8-42ac-935c-82f522d558e1,intrinsic,0.9762339,0.0038715384,0.019894624
f1465f78-ffcd-4164-bbb2-cc79e63b59eb,no,0.036560487,0.94076806,0.022671452
9061f6c0-6c46-4629-b7d6-cafac614f2b3,no,0.02287702,0.94899195,0.028130978
752bf02e-d736-4308-aaa7-f91f5c49be7b,extrinsic,0.022495937,0.010089215,0.96741486
87694233-a4ea-4125-9a46-95572babd08c,no,0.03090125,0.93766963,0.031429105
c898d23e-9bf4-48e6-9f1c-18dfbda2722a,extrinsic,0.0088236835,0.00216019,0.9890161
a163aa9c-4350-4bfe-912e-6128ccb4c272,no,0.006939804,0.97947043,0.013589842
e9e593dc-cd61-4eea-8b3b-978987d27c57,intrinsic,0.9467751,0.008525539,0.044699363
5298bb1c-df10-4de4-8094-59425d82cb27,intrinsic,0.9796219,0.0011676741,0.019210434
e9e80d1d-7239-4f36-9a08-75682f1dd08b,no,0.012086081,0.97347045,0.014443544
b55f97c3-3a4c-4352-b1c3-fefa5c2874b8,extrinsic,0.016361188,0.009384283,0.9742545
916284cb-a32e-4521-874f-2969592fa104,intrinsic,0.8929753,0.0030810523,0.10394371
8cd5735e-41c4-4095-adbd-c41e2869d9e1,intrinsic,0.9249978,0.014419181,0.06058311
e3e34d99-8134-4ca3-9859-ac9540dbdd9b,extrinsic,0.011154447,0.00068269146,0.9881628
d7fb0ee2-ab27-4b24-b66b-a543cdeedbb7,extrinsic,0.016147962,0.004670064,0.979182
e2bee291-5731-4aa5-8dda-b69160b1935c,extrinsic,0.037032213,0.003976261,0.9589916
61b93cdb-8e19-44b5-b4cb-233b450d8585,intrinsic,0.95479614,0.008186352,0.037017554
e0f6f8d7-375d-4d0e-b258-6de95f0f58f1,extrinsic,0.04137185,0.0036956456,0.95493245
25b0fa47-6484-46d1-bb50-b73cf0c6d149,no,0.0077745547,0.984597,0.0076284395
1691093a-3b29-48fd-8862-7f4c4404fc91,no,0.0064310166,0.9850558,0.008513159
9008a760-c55f-4141-ab39-c3245d89d731,intrinsic,0.9623716,0.006059,0.031569425
13118f3a-1a44-4fd9-9696-c43be3df4ab5,intrinsic,0.97817206,0.0023641193,0.019463869
f0029de9-8aa7-4068-b078-9ccb565c06b4,intrinsic,0.9847735,0.0059084464,0.009318074
d9c1f39e-89fa-456e-8d69-79dc00d9bd0c,intrinsic,0.9653948,0.005099436,0.029505715
0ca5cdcf-a5a9-4c31-a728-af82db98a3d8,extrinsic,0.013149485,0.024078887,0.96277165
da87ad40-62dc-4644-bc57-d8ecb5c706c8,extrinsic,0.13287716,0.04311119,0.8240116
88701ec3-64ba-4478-885e-59f4e6754be6,extrinsic,0.012778362,0.0027838985,0.98443776
99b7bb23-c3bc-4298-8300-d90be54bd0fc,extrinsic,0.06989736,0.017635334,0.91246736
4e6fda16-ab40-4e63-a87e-a058d5a2e982,no,0.029279893,0.8992675,0.07145261
bfd51b6e-5579-449b-a62a-a64f8655948f,intrinsic,0.9431391,0.0017464013,0.05511453
99b23173-5446-4bc3-8762-6280dbaf74c0,extrinsic,0.14395761,0.050743584,0.80529875
fab72bbb-f9f3-4bf5-91a7-337c659c0be8,intrinsic,0.94059014,0.003659601,0.055750284
8fffcff3-31ea-457f-a7ae-4892079f69fd,no,0.0050149593,0.98535407,0.009630903
0b9d4ccc-e7dd-42a4-a542-ffc1b0a78d6c,extrinsic,0.29663458,0.0073220227,0.69604343
c233417f-dcee-4174-91ae-d6d3b3813563,extrinsic,0.08643997,0.0088465465,0.90471345
59e12f32-735d-4444-b4af-4c91c75a798d,no,0.0047730543,0.98714346,0.008083455
dad4821e-12b6-4a3a-84b1-b4d269c523b0,intrinsic,0.96925247,0.003130204,0.027617332
706a0ee5-055c-4dac-b598-166c2a057b53,no,0.13955313,0.6205798,0.23986712
b9500414-524b-41fd-a283-12a8cd086cf9,no,0.04792298,0.86359483,0.08848217
6cbe351a-cef6-45a7-b284-dafa30129690,intrinsic,0.9628919,0.017976932,0.019131172
bcedd3e1-ab81-49b3-872c-ad0928e81abc,intrinsic,0.85139954,0.03779682,0.11080359
a8de6770-298b-4b77-856e-fb001538a225,intrinsic,0.9511024,0.006122703,0.04277483
2096954b-ac1a-46ae-9ac4-9c346105b208,extrinsic,0.2145313,0.1468405,0.6386282
7945baf9-498e-4718-a193-ea52950e081d,intrinsic,0.96548235,0.015658507,0.018859206
2e57ebf8-c9eb-4cee-a05c-1ad3a50d272d,intrinsic,0.88211507,0.010830851,0.10705404
12b31f56-b45a-42bd-b5ff-9b8fa9de1c37,intrinsic,0.9770315,0.005373622,0.01759482
19359339-cbcf-4d63-ab00-2a87cc2e74d5,extrinsic,0.015913945,0.0024053885,0.9816807
31081e5b-1890-4df5-ad45-3a600614bca8,no,0.010139086,0.97936225,0.010498719
6a6bfdc2-6249-40fa-9d84-132e0de21446,extrinsic,0.01774216,0.007807761,0.97445005
0f58fdad-6c28-4e75-99e3-5666a3b0c4e6,intrinsic,0.907837,0.019482626,0.072680324
bc8afddf-bcc0-4fb5-a7ec-bf3369e2b403,extrinsic,0.04342019,0.0045586084,0.9520212
3778be96-f6cc-4033-9604-bd747a90ade7,no,0.0021174822,0.9949008,0.002981594
40439bef-0b73-4558-b906-3ac18bf3d7f0,intrinsic,0.99424064,0.00057841284,0.0051810234
f38c2d73-e9f8-418d-b6fe-720c4fb66693,intrinsic,0.9878634,0.0013932626,0.010743371
1ea2c13c-66c0-46f4-80ac-b1555fa1cc71,intrinsic,0.9911562,0.0012247686,0.007618971
a52476e1-e1b5-459f-9cb2-7cfd3e49dfe9,extrinsic,0.028560422,0.0058152927,0.9656243
b893d2bd-b271-455f-85b8-9cef16789bcd,no,0.016082717,0.9738767,0.010040647
1d7eefcd-58cb-43d1-ab5f-ea2203b7b87c,extrinsic,0.13815372,0.00935674,0.85248953
1dcdbeff-76a6-4cfa-b3ac-9002d2b5f8b2,no,0.027571544,0.92353857,0.048889793
c76923b0-e183-45f6-b894-fa4673529395,no,0.018200949,0.96765244,0.014146588
07c6ffdb-49f3-4ff9-99da-dbbb3d374e13,no,0.0070861396,0.9828486,0.010065304
24c557ba-8c37-4fad-916b-b340fa6211da,intrinsic,0.98798263,0.0009507621,0.011066548
def56fe0-a0df-461f-9dc3-8d97734ff6c7,no,0.0036587021,0.99172735,0.0046139616
0f371b68-250e-4af8-901e-5e0980718c18,intrinsic,0.6874584,0.04299727,0.26954433
ae4c57fa-f8ea-4a68-8ee9-e14ca4a2f463,intrinsic,0.52028257,0.15183042,0.327887
aaa2e4db-654e-4330-8380-42ec4ea8631e,extrinsic,0.013671792,0.006893135,0.9794351
4462119d-c2fb-4edc-9f80-340acd4e2fd5,no,0.013642187,0.9472437,0.039114114
b4cb1e5d-2a9f-42bb-9b5c-223117198428,intrinsic,0.9717729,0.0060552093,0.02217186
d70f7fd7-0ce5-47aa-a58d-2d9e8c1e7523,intrinsic,0.9714199,0.007475802,0.021104245
710199c2-96b0-4444-9369-394b73d63af9,intrinsic,0.9095177,0.005449884,0.085032396
9c52867a-8b54-43ea-904b-1180c59a8fd5,extrinsic,0.13842185,0.020687478,0.8408907
d2ea3638-d004-4696-af17-a2626af6453d,extrinsic,0.19020179,0.052423894,0.7573743
5dd1a63b-3038-4608-982e-2c598612aff0,intrinsic,0.9679574,0.005718955,0.026323743
66fa4bfa-7943-4422-901c-e43cba6b03e1,no,0.012518245,0.9673941,0.020087602
5a780eeb-d7d6-4adf-9525-76546c1d4f40,intrinsic,0.9351961,0.009623505,0.05518032
7324dcb3-e9e0-404a-8301-45edb1f15230,no,0.025627622,0.94146305,0.03290929
461a8536-85bc-4e2a-9fae-ee445aef5827,extrinsic,0.031316277,0.0016832065,0.96700054
a835b84b-251c-4adf-b63c-b6555644b1b5,intrinsic,0.69947886,0.024808777,0.2757123
0115804d-2ef9-4f6b-ace3-70e706b15c1e,no,0.04170334,0.940703,0.017593605
987b08af-b2d7-4b4c-ad66-57aa8b8ea3a0,no,0.010996679,0.9805314,0.008471931
ee636efb-5572-43f3-909e-b1dfb3352512,extrinsic,0.064606495,0.016430194,0.9189633
1eeb273f-7b4a-4ee3-8a43-f984bcd3813d,intrinsic,0.9658938,0.0025064645,0.031599704
d59cb34e-c6a8-4621-a65f-6fb272ed1bb7,no,0.0035725788,0.99249953,0.0039279973
b3fad772-1830-4a39-b3df-24c8a2f392db,extrinsic,0.07187993,0.18924993,0.73887014
1a06c574-8962-440d-86ab-ca13507d05e2,no,0.043815676,0.8654515,0.09073271
cf30732f-ac15-4b24-becb-96c17f4057ff,extrinsic,0.14148687,0.04458852,0.8139246
c8f882b7-37f5-40fd-b63d-ee4b3b8f1580,intrinsic,0.9571042,0.0047430135,0.038152855
5ba7fe8d-4855-42e2-ba97-5ba45496a9f4,extrinsic,0.014626345,0.36644673,0.61892694
a3855c54-6ea3-44be-91e3-aa1f8d3d9ee7,intrinsic,0.66151154,0.29116043,0.047327995
f6d8eeb9-91b1-4a27-a9f6-3f4c7c6b2c81,no,0.006902595,0.9834172,0.009680174
b2783911-7c05-4ff3-9056-ef199cd8217a,no,0.014961169,0.97379816,0.011240755
6085a80e-7510-4e91-bcc9-a8d7eee3981a,intrinsic,0.9681768,0.0056180246,0.02620529
76ddc00b-1101-4540-8da4-46b945125879,intrinsic,0.84159255,0.052852735,0.10555472
8afc8c33-0653-4e07-bd1e-13b899bbd203,extrinsic,0.021264331,0.0039227773,0.97481287
4530652d-c734-4577-bcee-8d332749ea57,intrinsic,0.9340676,0.006184246,0.059748206
33b878a4-93bc-49b9-a21e-6453c8ccb4ba,extrinsic,0.029748295,0.0059819506,0.96426976
514eecff-ff43-4521-a1e6-917446d07c13,extrinsic,0.37977725,0.071775466,0.54844725
6c47ee1b-2cdf-49af-8dd4-8455b2a927ff,intrinsic,0.9500994,0.0059943246,0.043906324
bf423612-e2b3-458b-b40d-730d3d484ba2,no,0.005124637,0.9897171,0.0051582116
0743f801-9ebe-47ec-950d-c50877f7c658,no,0.005574867,0.9882032,0.0062219156
9e3f452c-4253-46bd-9b40-332f512b164c,no,0.19181414,0.7583353,0.04985052
e562d5f0-dd81-4399-be78-980765ef864e,no,0.0077097947,0.96749675,0.024793515
aec27da3-7865-4f00-8b85-2d1a94aff06b,no,0.01301866,0.9621167,0.024864541
5fa0df40-3858-45a3-b82d-62eb97c2939f,extrinsic,0.0132095665,0.002319624,0.98447084
990a4dcf-0ae0-4c7c-aecb-0befda2750f0,extrinsic,0.086710714,0.017885113,0.89540416
966fbb07-328c-4168-831a-57f0a8637ce4,no,0.05137646,0.86972344,0.078900106
1236b9cd-9fb5-4bcd-a44d-e93ca37af51a,intrinsic,0.988545,0.0021339124,0.009321098
f2c58e4c-c4f2-4a72-b2c4-90f690334426,no,0.007905655,0.9845857,0.007508613
964a3b3b-9a12-447a-bc33-648782ab271a,extrinsic,0.055943053,0.009623547,0.93443346
c8d90b13-50e0-4257-a309-8b46daf5ef25,extrinsic,0.09144134,0.012646472,0.89591223
30645723-b365-444c-8217-deb8b15ddc72,intrinsic,0.99229264,0.0010878913,0.0066194492
048377aa-8f07-4e0f-aa50-ca8ccbbf446e,no,0.018524533,0.9697416,0.011733878
123b6956-2ffb-40b1-82a0-daa1a1f3bf28,extrinsic,0.08790477,0.051605508,0.8604897
0b5a9497-f342-4207-8f45-011310511c05,intrinsic,0.92777467,0.015263571,0.056961764
65717d0a-eeb6-4dc8-8427-84a05d55b19c,extrinsic,0.028785078,0.004809611,0.96640533
6eb58340-df56-465f-83fe-f30dd9c7d0aa,intrinsic,0.998467,0.00021586064,0.001316977
8abb0374-c0c8-4e83-a73e-c4517cdde72e,extrinsic,0.025260465,0.0015177896,0.9732218
7efb39c7-e48c-4af2-9051-d3c3238a1131,extrinsic,0.03845288,0.0031703513,0.9583768
a5bbe958-1162-4fa1-88d7-422b0aacf1e9,no,0.008169018,0.9765572,0.015273746
6836614a-833c-4526-80f4-4b14aaf3c2c4,no,0.449775,0.48263907,0.06758594
8941f979-4849-4349-9641-d35297adb6cf,no,0.013625475,0.922338,0.06403651
267d2ece-264c-41dd-94e5-6ef6f65062fd,no,0.30776125,0.42233056,0.2699082
04adc7bc-cf6f-4c7c-a278-9652d7f036de,intrinsic,0.86603785,0.014857844,0.11910426
ae5b5ea4-21f6-408c-9147-fc01bb9e27b9,no,0.0045760726,0.98497736,0.010446588
3b59d561-5798-488b-9dcd-ef490ffac514,no,0.037215326,0.90668464,0.056099977
c12f77b6-bd47-4ed6-bc08-9a13f2ba7792,extrinsic,0.20247142,0.052547682,0.7449809
84419938-1767-4d62-bb40-4707bfdca642,extrinsic,0.31484282,0.041516144,0.643641
1791dbd1-8ca6-4a0e-904a-724a49255fe9,extrinsic,0.30111128,0.020150239,0.6787385
6029bde5-af3a-440b-8f74-10e9a7a4c05e,no,0.010852757,0.98071367,0.0084335925
64d653b1-e92c-4840-a128-f54ed05d037c,intrinsic,0.96796215,0.0048782025,0.027159574
4558de33-7472-444d-bea6-ccdbff3a6de2,extrinsic,0.029593615,0.0028645957,0.9675418
d0f6ea81-8a68-4812-9679-a6dabe5dd0d4,no,0.0073073856,0.9840996,0.008593044
37037054-e56f-4cd0-8e34-c9db53c230ba,no,0.03880399,0.91566664,0.0455294
cf469b2c-ebea-4de7-bf5c-41cab7487a03,intrinsic,0.98350656,0.0024467246,0.014046667
216a7b8f-c5db-447d-9a9e-2ceb44d07685,no,0.015445846,0.96150607,0.023048157
d0ee8773-3de7-4ee6-8392-2179f611425b,intrinsic,0.97384506,0.0037239909,0.022430927
e292b5b2-cc24-40ab-9493-4683de85e2f7,intrinsic,0.98393875,0.004866833,0.011194537
995fccb4-7fdd-4b2d-b24b-738a03ed0bc1,extrinsic,0.020164195,0.0044041225,0.9754317
5da45353-6f4f-46d5-99dd-20661f0440ff,intrinsic,0.9841447,0.003025999,0.012829301
b5ef29d5-efda-496d-ad70-d0f9ed916c2e,no,0.005406984,0.9829198,0.011673312
f55b01ed-e8c2-44dc-a0a2-c9db4a002468,intrinsic,0.923478,0.0024406174,0.074081354
2e028c4e-37ba-4c44-9e29-da69b03c6e46,intrinsic,0.98119545,0.0023397908,0.016464692
9238e2c1-d36f-4bf9-a20a-d9d37337ec99,no,0.034965444,0.7660513,0.19898325
105a467b-46f0-4c45-9578-25e3428aa9c2,intrinsic,0.9964617,0.00033974202,0.003198574
74b41305-0b19-49fa-a88d-874294a0264a,no,0.092442416,0.71971226,0.18784526
4e9ab1c0-4f92-43f6-aa96-86b20f3b3048,no,0.012859468,0.96127206,0.025868412
66bfbd09-f776-45ce-a23e-90148a393de4,no,0.10133748,0.8467421,0.0519205
e1196586-6681-4d2e-84bd-ad6579c32884,intrinsic,0.94396466,0.009857339,0.046177942
26522ae4-6eb8-46b1-8626-ff020482e6b4,extrinsic,0.23514783,0.026626734,0.73822546
1dd88e1a-7239-4521-ae05-8a2392f8077e,extrinsic,0.43017426,0.027324961,0.54250085
8971cffb-d826-4652-b584-359e753f4e97,intrinsic,0.93370473,0.013617713,0.052677438
058a5460-369f-4e26-aacb-347805e88cdd,extrinsic,0.009549374,0.002010824,0.9884398
66ca77ac-37e3-4ea3-9db0-b8d098353575,extrinsic,0.0470943,0.022866175,0.9300395
3e0c351f-cc22-4f5e-a500-83f9d8ddc023,extrinsic,0.08245784,0.0084211035,0.90912104
c68bf8a3-8a15-4aa5-a017-8612b5c1ecfe,no,0.16289383,0.7177536,0.119352624
fded632a-e237-4e45-8bcb-1fdf48ffe887,no,0.04517053,0.9174187,0.037410766
8e43be0a-7d0a-4f5e-b9b0-9fc3eb398fdf,no,0.0056243306,0.98936695,0.0050087995
46e7d9a6-fdfb-4f83-976a-0b21fbbec728,intrinsic,0.54498893,0.06389489,0.39111617
c0a8040a-9526-411e-8f3d-67d56106b98a,extrinsic,0.04903831,0.020961441,0.93000025
cdb83bc1-9f4a-4225-98cd-a9cf32623093,no,0.09335147,0.84322196,0.06342656
de6adbe8-cb6d-4da9-9ae7-5fa2686705c4,intrinsic,0.96857464,0.0071949596,0.024230355
aaa62cd9-0f05-4a69-b5e4-1c3d491ac0cb,intrinsic,0.97081685,0.0039374405,0.025245668
637f6a7e-480a-4730-aae9-63a574f01544,no,0.009560294,0.97471863,0.01572097
2a71802b-f70f-4066-9eee-5a90dc0b61a2,extrinsic,0.18875459,0.22386608,0.5873794
023e3090-4c3f-4d50-a0eb-740a6ae4fddb,extrinsic,0.05477473,0.00036834856,0.94485694
3b64010a-d18d-438d-b166-1c9c76e3c958,intrinsic,0.9278019,0.020290239,0.05190774
a60d4424-ff46-4879-8e7c-26a71354fb52,extrinsic,0.41149873,0.0047055143,0.5837958
a56624fc-a1fa-4314-ba97-95fa96cf03a2,intrinsic,0.6882715,0.115852416,0.19587597
9a6888ce-dd6a-4e7a-84d0-b20d8fe3c1d8,extrinsic,0.047599003,0.011872399,0.9405286
66c97882-34d3-4ec2-995c-ff0b32cc79c7,extrinsic,0.06833979,0.04139322,0.89026695
45e1e68a-a02a-4589-9676-fba0af3d08b7,no,0.05693013,0.90850013,0.03456967
7ecdd1e9-cc06-4ab0-9b5d-6250b8be3905,intrinsic,0.97281295,0.0028590583,0.024327954
a4c2ea59-37a9-4613-bffc-2f33d5f92be6,extrinsic,0.076274395,0.017733006,0.90599257
535a1fbd-7ddf-4948-8157-cc157a2a47a8,no,0.15007798,0.7717334,0.07818857
85d58e6c-2e37-44f7-9fbe-225894199b57,no,0.00985779,0.98248154,0.0076606525
e436450c-4a90-49eb-8cae-e0acddec7f08,extrinsic,0.09166754,0.016625999,0.89170647
6b806441-5195-4ad4-8c05-93dfd8cfd9d9,intrinsic,0.98684454,0.0016033388,0.011552123
344de3c8-f629-4933-a03d-fed85ca0617e,no,0.059626117,0.73410547,0.20626844
0bd34b86-c4f4-4392-bff1-19e4d7bb51c9,intrinsic,0.84312564,0.01361068,0.14326368
d543d712-98b0-45d2-8a71-15d4ce773bc5,extrinsic,0.03346949,0.0012989377,0.96523154
1ae79028-9872-454e-ba52-7098710b5c7a,extrinsic,0.08339585,0.006123335,0.91048074
b53b9124-488b-42a6-9e88-4117bec44003,intrinsic,0.98088616,0.0037215257,0.015392246
b08a59a1-9d5c-4fff-b13e-9039fd7df30a,extrinsic,0.08238827,0.020008495,0.8976033
80d1f691-1252-4d4a-94c0-98cbe0b8d9ad,extrinsic,0.15554734,0.029439744,0.8150129
5fa5c600-3c21-4959-9560-529dad644d8f,intrinsic,0.8935004,0.02775082,0.07874876
7d032c4e-0b5c-441d-b0b8-2c5e9d64e0fc,no,0.0025419267,0.9927978,0.0046602394
b6900788-7345-49c1-a93b-4f330cb3ef5d,extrinsic,0.03136697,0.0020439276,0.9665891
2b4be479-27be-4679-9263-b98b221ff3cd,no,0.23158453,0.6874002,0.08101525
d2ae9d55-9735-46cf-853b-ec9a41826b54,no,0.0193098,0.94197124,0.038719013
10baa31d-465a-47e1-88e6-e8c08a897282,intrinsic,0.96437997,0.003298602,0.032321434
f1a8615c-017e-4979-8c30-76351b89b0a3,intrinsic,0.9626652,0.006111147,0.031223685
d83526fb-d4cc-455b-8084-ed35c3d15b53,no,0.011263475,0.9617225,0.027014146
fa8eb7ca-2f96-40a8-a4d7-9b4b9afbc718,intrinsic,0.9560259,0.007908751,0.036065374
b36d5bab-c7dc-4ebf-b976-4b3181c1ba88,intrinsic,0.9847531,0.004518906,0.010728088
812771bf-da24-4611-841c-6db93c2fc648,intrinsic,0.49560234,0.11800259,0.3863951
77ec74a8-827f-4a0c-a9be-40a5c4ebe148,intrinsic,0.9649657,0.008366674,0.026667597
9d459abd-c291-41bb-8f89-2e08563512c4,extrinsic,0.039058074,0.0044226195,0.95651925
f61a0b58-efa8-436a-8a4b-4348c8d7acc6,no,0.02586624,0.94986355,0.024270192
0c994d35-ca7f-4c19-a65a-38f245f75643,no,0.007440941,0.98024625,0.012312813
38fdf4ad-77dc-4a78-b7d7-66ccf2cbd999,intrinsic,0.93908376,0.010082299,0.050833944
4cc0338e-0b01-4c78-b687-0f7ec23cd7cd,extrinsic,0.10525525,0.011414723,0.88333005
1ce936c9-f9e1-424f-8393-75f1bedf7f6b,no,0.05912709,0.9226783,0.018194582
15afa1f8-6db9-4ff5-bee3-533aca8a8443,no,0.010629848,0.97645956,0.012910574
89a01dbd-b724-4dbd-bd5a-e9f136f2b650,extrinsic,0.066491686,0.0133370105,0.92017126
a1725d6b-65f6-4208-ba75-344d1c51133a,no,0.038761534,0.9358914,0.025347164
ea34fc37-5475-4306-bf34-734b16d13e23,extrinsic,0.07542179,0.011098293,0.91347986
15fe21ae-f101-4698-92e6-6ce4fea9a5e8,extrinsic,0.09020783,0.016702613,0.89308953
3affe973-cc65-43a5-87b0-4bbfc069a63c,extrinsic,0.06585525,0.0040820963,0.93006265
3960ef99-e997-4199-a377-13eece7eaa98,no,0.04165766,0.91161585,0.0467265
ca620604-bfc1-4bb6-ae04-18539b7c5d19,intrinsic,0.93155336,0.008896525,0.059550114
36a5d8a7-516b-482c-8a1d-d72220be71b4,intrinsic,0.9601476,0.0058943066,0.033958152
e40ae96c-6b4f-48fb-9248-7290df8f34f5,extrinsic,0.13130637,0.008405829,0.86028785
e9b3b01c-ab52-4047-8adc-8c826e180b18,intrinsic,0.9155475,0.02125316,0.06319926
b58ca443-c199-4c05-abce-e53cf473effd,intrinsic,0.9817633,0.0031072139,0.015129536
d9a10f8f-e596-4cc3-b7a8-2487af2cc2f8,extrinsic,0.08175038,0.021891193,0.89635843
2395308b-a0dd-4aae-9730-456ec781f713,no,0.004017983,0.99126947,0.004712516
3967ee09-3ae0-4f5f-86f2-d4d5b5af94ed,intrinsic,0.9457601,0.009958057,0.04428184
10c49582-2115-4263-a045-7bc6e4020af2,no,0.0044474797,0.9859621,0.009590426
64755fdc-1fbf-4b3e-bf54-d4cea33b776d,extrinsic,0.018906707,0.008170743,0.9729225
4750eef5-c041-4fae-9bbb-0f7777483a2c,no,0.007281202,0.987728,0.0049908375
b3a113b2-6489-4e1b-9eb8-38f4fa0ebdf8,extrinsic,0.0778527,0.008098395,0.9140489
caca0fe8-1800-48ef-bddd-df2996896672,no,0.0019035563,0.99565876,0.0024377056
f00fab66-d616-478b-b545-653d04301777,intrinsic,0.9619636,0.0050436556,0.032992773
cda2124a-650f-4a44-97b6-ad7494b7f6c3,extrinsic,0.14769083,0.108298,0.74401116
2877fdd7-2254-4b05-b1bf-0d5f06161859,extrinsic,0.1960637,0.009084502,0.7948518
592c540b-88cd-4051-b1b6-41b163e0e5cd,extrinsic,0.034756497,0.006143073,0.9591004
5ce0d6ab-81e1-4669-bd80-5877277b631c,extrinsic,0.15378653,0.09621104,0.75000244
6cd26e41-c7ae-4d95-8c94-d76d83c990a9,intrinsic,0.8735144,0.0157559,0.11072967
e7cb621a-909e-4143-a9f0-feca44254c81,extrinsic,0.122021124,0.008098428,0.8698805
0a4a3999-68d4-4940-b224-0c47f4da0005,extrinsic,0.042473428,0.009292569,0.948234
64d1de9c-c607-4825-9f02-9c26df3403fe,intrinsic,0.9022379,0.0062712315,0.09149091
2f349395-f3f5-4088-b99a-af943b4123fb,intrinsic,0.97995985,0.0030137596,0.01702646
ae43bb8b-96a3-4d0d-8281-67cb6ec2fa01,intrinsic,0.9089724,0.02177051,0.069257125
f884575d-9cd8-4a90-8ad7-9fbdf6a7f0a7,extrinsic,0.13899206,0.002919389,0.8580885
c5a4aa25-a2aa-4226-b438-e1fc6d4baf77,intrinsic,0.97999454,0.0021701844,0.017835414
95f6dd8b-918d-48d0-8588-7fb16edf0ea6,no,0.024914656,0.9629698,0.012115609
ce90d984-1c19-4e63-9d1f-abf7c8a93a6d,intrinsic,0.86144197,0.022161432,0.116396576
4944aa3f-ef19-45b4-a854-80ebcb26969a,extrinsic,0.027019951,0.021063766,0.9519163
c843f423-6f87-4bbe-8fe9-19db3235914f,intrinsic,0.98974764,0.0007924696,0.009459805
207e4a1c-9d1e-4a1a-93a5-09d8e303931f,intrinsic,0.950425,0.00905323,0.040521823
ac43fa73-72e4-400b-85e6-51d1149a07de,intrinsic,0.9841701,0.0022077877,0.013622148
d8c59641-073e-4ee2-b4f0-6bb8c38eecec,intrinsic,0.96784335,0.0074394965,0.024717266
e703501d-8560-4570-89af-bd2b279eb092,extrinsic,0.058453787,0.0076822243,0.933864
72974e1c-12cb-4888-b75b-4bf4429ab0f2,intrinsic,0.9589054,0.006493487,0.034601055
2c7a43f1-899c-40ab-a76b-d48c707ee12f,extrinsic,0.24180068,0.26468658,0.49351278
5605368f-bbf4-4252-a9e2-45de2048cd2b,extrinsic,0.323835,0.035555717,0.6406093
878c8c82-ffd6-4660-8b3b-22cab46741ad,intrinsic,0.6914094,0.06935549,0.2392351
d8c67826-f75f-4934-9a17-76f50ea0edae,no,0.017794613,0.94976723,0.032438144
75282bf4-9e2b-45ad-a3ef-e3d86f899d54,extrinsic,0.04392674,0.008332769,0.94774044
a2d52655-620c-4b01-8e75-c87aed6cfce1,intrinsic,0.88145447,0.02098003,0.0975656
7c0426b4-a353-4e90-b7b9-e232358f8b6a,extrinsic,0.014988371,0.0018101605,0.98320144
bf41594e-9567-43b0-82d8-951028b9aab0,no,0.009633252,0.975139,0.015227752
4412882e-b670-4470-bb4e-c7115f846cbe,no,0.010384026,0.9772041,0.012411883
c8e12207-f46b-43a1-a2ed-285044af867c,intrinsic,0.9348791,0.011034167,0.054086685
3e5a255d-c0c7-4810-8d8d-404bfaab2178,extrinsic,0.052222066,0.020073587,0.92770433
d3b7a1da-fe46-42e8-a963-391bae49dbb6,no,0.0041554556,0.9906781,0.005166527
d49e4dfa-d876-447f-a3b5-486dc5f226cc,intrinsic,0.983487,0.0019594268,0.014553616
e6b58394-8a17-49e5-a45a-97aa2ca3693b,extrinsic,0.23039317,0.35476196,0.41484487
49dfa20a-f185-4c56-9db7-05a6e52c7e37,no,0.0035333089,0.976844,0.019622732
7889f749-fea6-48a3-93b8-a2d3843c0f42,intrinsic,0.97855526,0.0011490225,0.020295722
d408ba55-7432-4f1c-8610-6c9fef9e1ff0,no,0.009295243,0.9713311,0.019373532
0de7e8a2-e4c3-44f2-ad71-a0c4a7850780,no,0.009334594,0.9759853,0.0146801695
8adbc614-2d2e-4666-bbe8-3a42131b7081,intrinsic,0.961109,0.0053141904,0.033576835
fdebb101-55d4-44e3-bb1a-7bd63bb51a7c,intrinsic,0.9801508,0.0028254304,0.017023746
10acf6f1-a499-4def-b62a-3e76e2be63e2,intrinsic,0.9467896,0.01345667,0.039753664
337ea4c5-0c7d-4eec-8c7d-38d334c8c34d,intrinsic,0.9296388,0.008521299,0.06183992
597d0f49-ea4c-4d6f-964e-20fc02d02bee,extrinsic,0.10761754,0.06168908,0.8306934
5892629a-077b-4844-8928-f9acbbe879f7,extrinsic,0.053971373,0.011686237,0.9343424
32905746-b0cb-465d-8d30-0fe29bf8f20b,no,0.01727561,0.96339947,0.01932494
db1cec72-fc38-44fe-9d99-4ce7bee44c6a,extrinsic,0.0356491,0.0041158977,0.960235
ee9b3d77-4883-4413-bb29-cf7c79d25a49,no,0.0041687605,0.98885196,0.0069793127
804335f4-c3e6-4d42-aaaf-11ec1c544b24,no,0.0052594105,0.98980755,0.0049331407
3e5b233d-88dc-467c-89c2-8b23a115b0b6,extrinsic,0.14922316,0.013567429,0.8372094
dfb07fd3-271c-42c0-9c81-7c53ff9d3234,intrinsic,0.98147595,0.0026110313,0.015913077
79c604b4-e80b-42ac-901a-b56535bc3f08,intrinsic,0.96320254,0.011492991,0.025304504
08348a37-8fa4-4ac2-8b3e-aec11cb79a0e,no,0.019045882,0.96482706,0.016127037
abc1dbe3-b4d8-46ef-bed3-4f7b9eb3ecd4,intrinsic,0.8996091,0.010186213,0.09020469
d390f006-ccc9-4cb6-97f9-f4b68a0ec1fc,no,0.07207362,0.8820684,0.04585806
8614be72-1597-42e0-94ca-4d429255cb34,extrinsic,0.039566096,0.015760724,0.9446732
3bbc6831-c824-4e00-93d3-36e497a8cfab,extrinsic,0.06134792,0.011905663,0.92674637
54820b6d-e85d-4eba-a178-1235cef95271,intrinsic,0.530141,0.0055262484,0.46433267
c99da6f3-b88f-42b9-9f5e-045ced24091d,intrinsic,0.9381201,0.006984666,0.054895315
ce72ddbc-252c-4c79-843e-c6aa8cea9093,intrinsic,0.9408791,0.008480919,0.050640084
2c6812ce-3666-4c6e-8a0e-21d025c4dc95,no,0.07631798,0.77849984,0.14518215
981d905b-c5c2-46c4-b9ed-790a04ff95c1,intrinsic,0.9212369,0.0018802918,0.07688283
5258943f-b2e7-4198-b967-b18c2756b6df,extrinsic,0.046299744,0.005845276,0.94785506
0824b90b-85f1-43fc-8081-b459362782f2,intrinsic,0.9563144,0.009842726,0.033842813
7c89a2c7-7224-4801-be15-56458066565e,intrinsic,0.5768836,0.16052988,0.2625865
39dec88e-e870-4a4e-ad6b-b745ceabb613,extrinsic,0.034050237,0.004772501,0.96117723
e666de37-a388-4f11-ae07-007a803b93e2,no,0.00751767,0.9773746,0.015107674
b7b514e6-0d9d-4a4c-9bc6-c946a1a4aff2,intrinsic,0.97165066,0.004931177,0.023418063
ea10b65c-0320-4e88-b01f-c7640046e34f,extrinsic,0.116725884,0.023046913,0.8602272
f2e625ef-9a65-4287-9e48-c35f549d4749,intrinsic,0.86702025,0.099851936,0.03312779
5acfca79-b435-4b78-aef6-accd0d02ecc8,intrinsic,0.9066798,0.01866696,0.07465317
509a45cb-d036-4dcc-8648-7e843e339e7a,extrinsic,0.012232416,0.0021205393,0.985647
be2d08cb-c9f6-491b-9ece-b2cf3554b0a2,intrinsic,0.8642737,0.07306162,0.06266466
3f7f35d9-2264-4500-a384-f0b275e0396b,no,0.0051875957,0.97894794,0.01586435
6237a2cd-0a72-40f2-a20b-bfd4c89dcd24,extrinsic,0.050883897,0.013416803,0.93569934
fa6a1e70-6cc3-44b3-8e9d-d405400a52a4,extrinsic,0.055535346,0.007970032,0.9364946
1a2aa8c9-ab02-463d-b5c6-80996147a58d,no,0.054134563,0.91107905,0.034786403
eb96bf86-b988-49af-9518-88fd316cf3e8,no,0.00723408,0.9768147,0.015951248
d3ce81fe-f25e-4f3d-97de-a22635a158be,intrinsic,0.98831826,0.0009551991,0.010726543
c171ac96-d63e-40a0-a1c6-c8b6eec42122,extrinsic,0.100718334,0.011730445,0.88755125
bb427409-1725-4d07-b357-67eb24ade123,no,0.019852381,0.9531293,0.027018413
690832d6-0e3b-445c-8797-fe462ab88893,intrinsic,0.9951959,0.00040714108,0.0043969103
eb032f8e-9d22-4761-a260-f780667677de,no,0.036320835,0.87583816,0.08784095
232e1607-0263-4f1a-ac02-efb50f76535c,intrinsic,0.9424774,0.008788886,0.048733685
c5152040-3c52-4bf3-a146-a90e9bbd57d0,intrinsic,0.9275753,0.027361827,0.045062825
d14e2d0b-340c-4eda-9062-f72c6e8fd48d,intrinsic,0.9925015,0.0010461607,0.006452346
ca838d44-bb12-42e4-8a7b-fb9875a76086,no,0.19567999,0.775743,0.028576996
ec8f6abb-c611-4937-8167-3210af623caf,intrinsic,0.97528243,0.0018900977,0.022827465
3a27a067-69a3-4c63-8003-f571cbb84d5d,intrinsic,0.9607476,0.010464353,0.028788047
6ad33196-c488-4d6f-8cec-3775a119085d,intrinsic,0.87353826,0.07399693,0.052464828
effe586d-bc54-4e3f-99df-38e5accb1d9a,intrinsic,0.88562274,0.011918572,0.102458626
da4bd2c4-67a9-4677-a231-7287f86b3061,extrinsic,0.024035612,0.0029782532,0.97298616
165ece75-7d72-42d1-8792-c0dab4d12bd7,extrinsic,0.060475692,0.026495524,0.9130288
8a9c654d-7fac-4f98-9e1f-5564bb6be5ec,intrinsic,0.95555085,0.014018522,0.030430598
7abf7656-ca71-4d6f-ba13-2d4e73a0e058,intrinsic,0.97267103,0.012712011,0.014616972
5df3f2a3-4dcd-4ff2-96e5-3741668e880d,extrinsic,0.014367662,0.0036726391,0.9819597
f8fa0a33-b326-4d42-9dc8-af273da3b84d,extrinsic,0.1570195,0.020039905,0.8229406
7a5d86cf-eb29-4a98-b085-d763411a4787,extrinsic,0.113623686,0.008646984,0.8777293
3bd2c0eb-a9f4-42c6-8d79-8eb4e2638f87,no,0.005633965,0.9848504,0.009515622
a2a0e7d5-b85f-4530-a651-dfcb335c4d4b,intrinsic,0.950464,0.009590081,0.039945975
6d037cb6-25b4-46ca-bd08-4d0e11b0f272,intrinsic,0.96712846,0.0035444011,0.02932724
9dbc4b3c-8adb-4330-b98c-d236f0fd1df4,no,0.031662133,0.9132741,0.055063765
8506e9d1-3dc6-466f-9831-1036bb99235d,intrinsic,0.6969052,0.048452374,0.25464246
f0d1a417-25ab-4ddc-be39-ae16770c3baa,intrinsic,0.9374116,0.026837809,0.035750553
899039ca-1ef5-45da-89a0-b749ccd3f5be,no,0.08398141,0.6777318,0.23828672
c0a94c69-0868-4350-b032-4d292ae8a8b0,extrinsic,0.26201594,0.026017804,0.7119662
32841e78-2523-4dc5-bde6-f0925bc332ea,intrinsic,0.9569184,0.009868385,0.033213172
d0186330-70cb-4bb8-af1b-90b151387720,no,0.0076209195,0.9857135,0.0066656834
e9d63e74-9c2e-4a3b-be23-d35c9dd80be7,intrinsic,0.9716106,0.0024418877,0.025947435
d14d4b04-57f4-420f-a22c-b36ba361dca6,no,0.01823887,0.94776356,0.03399765
94ab2000-d3d4-4cda-953c-0414dfc02a3f,intrinsic,0.9907459,0.0013654499,0.00788871
7a0066e9-8848-4fd9-ae2e-6c0f38813b57,extrinsic,0.053155344,0.015052247,0.9317924
da2a37c0-8a09-4ded-a01a-2164bd4bbae0,extrinsic,0.05482583,0.006719697,0.93845445
125d2073-55f5-4945-a0fd-acc7d00f7048,intrinsic,0.9630693,0.00757578,0.029354913
245a04ca-a4ff-4ae9-b8b6-9479668595a3,no,0.030833475,0.9469973,0.02216933
ddfdddda-796b-4034-8b1f-3565268d7884,no,0.049188826,0.81932896,0.13148217
183d7dcf-d840-442a-9d1b-d676a4eb1fce,extrinsic,0.04835918,0.0030952832,0.9485456
60b6e773-8382-476c-8b78-aa72b3ffa448,extrinsic,0.015695956,0.012292857,0.97201115
347025c1-8be8-4b89-a1ef-e0ef0b01b650,intrinsic,0.938271,0.008051006,0.053678
cfd8baae-ea4a-47dd-b05a-8704bb98fd7f,extrinsic,0.2575081,0.14785549,0.59463644
d8d77b2d-f7f4-45b8-a82c-f90331231998,no,0.031063804,0.9068241,0.062112115
de19f048-4c97-4723-bd79-91326fbdc9a2,no,0.027093017,0.9570111,0.015895844
99a4b50f-7421-4ae1-b993-449a2ca2fd20,no,0.0033510262,0.9917686,0.0048803478
99ceb64e-d1de-4910-91c6-dc02094122d4,extrinsic,0.06812963,0.0070245587,0.9248459
be184e2b-895a-4845-a1ee-789a38a13388,extrinsic,0.011221892,0.0036779149,0.9851002
cb33ad79-6848-4a67-9acd-ebe92198d1fe,extrinsic,0.09266883,0.010914258,0.89641696
bd58e462-3641-49b8-8483-3c2876eac890,extrinsic,0.05152459,0.009420396,0.93905497
58ac2b23-8020-41a2-abd1-7540197a4b62,intrinsic,0.91759735,0.002502519,0.07990013
bca112a7-ead4-4822-9858-56456833eca7,extrinsic,0.17998038,0.01849944,0.8015202
8756efb0-68cc-486d-889b-750e34586ef1,intrinsic,0.9777591,0.0036517167,0.018589161
d4969aca-8880-4cd6-82b1-9d6dfc8be37e,no,0.025877202,0.9313545,0.042768307
9ecf44d4-25b5-46c7-96cc-143c9867c601,intrinsic,0.97215736,0.0019595695,0.02588299
3002d24b-3a40-46d1-a404-60633b0d6cad,intrinsic,0.95487636,0.009337063,0.03578663
188b16ef-5eb0-4f45-8247-cd8f6e04a6fc,intrinsic,0.96077687,0.004189067,0.035034094
10f9e74b-ddd1-4bc4-a7f0-7497b9a66a98,intrinsic,0.94986206,0.02929488,0.020843027
1eeb53dc-b4b5-4e4a-ac6d-433f661dd0fc,intrinsic,0.95308274,0.002572863,0.044344448
73959e1b-62b0-46fe-9fb5-3b8bd5ab5f9e,intrinsic,0.9551484,0.0034858615,0.041365758
e4aa92e2-7614-49b2-81b9-1c95be777a6a,no,0.036977053,0.91687214,0.046150777
2d602b17-aecc-4a19-9f60-1ad01449e3b9,no,0.0068285987,0.9863688,0.0068025533
701a7b84-2cb9-4f47-80ba-9b17e21d0af8,extrinsic,0.033836193,0.007307039,0.95885676
7ce75ade-1ec5-4de1-9cba-35bfd2cd5b84,no,0.10646812,0.84702706,0.046504837
b5ac953e-5c23-4066-b6ed-c127fe2fa409,no,0.0032308016,0.9843382,0.012430959
21995e0a-03de-4bd9-ae46-fbaac42cdc0f,no,0.01569765,0.9697753,0.014526971
32c63e29-1b13-404d-a3f9-16c4b4f28169,no,0.12076433,0.79900956,0.080226034
bcbd9474-2eb3-4e98-ba43-36bf25f6651a,intrinsic,0.9187512,0.024255272,0.05699362
6cc06db4-28a2-4aff-ae73-945803ea7af4,intrinsic,0.9609086,0.0025531205,0.03653832
d20976ac-ba51-42c9-b22c-9257e1a5fd8b,extrinsic,0.18577039,0.030096777,0.7841329
c00022c4-9d3f-4dab-9b8b-7a0800a46b26,extrinsic,0.02317214,0.010337139,0.96649075
86605012-5268-4f05-b5c5-389e4d2efd67,no,0.048835106,0.9226985,0.028466392
1d59ffb0-caee-4b20-a4f2-dcee67dc3abf,no,0.07194691,0.8748751,0.05317802
547f18c5-b543-4d20-85cc-a1159487ff0f,intrinsic,0.49985674,0.01664709,0.48349616
76e2af55-54de-406a-a4db-3921caf23b57,intrinsic,0.96663195,0.0044959565,0.02887211
0864cfd8-c8f1-4dcb-8fef-5e3901a657d7,no,0.01185338,0.92750865,0.060637902
ce317d6e-5b33-4d90-b611-8180c319fd74,no,0.005799377,0.98867214,0.005528545
f133e7e0-b234-4d8f-9903-0b71efdfff33,extrinsic,0.021677716,0.0068671526,0.9714551
af2c5f9d-c318-42d7-bb9a-c046ef87be6a,no,0.025679838,0.95424026,0.020079916
ce846fcb-cfac-4ecc-bf9d-693f34896ccf,extrinsic,0.34515178,0.029805133,0.6250431
8bb6c4e5-13a7-4cd1-8328-f0e6f7a3f53a,no,0.008002938,0.9814808,0.010516338
ff2b402c-adfd-4191-be88-ffa6994b5c35,extrinsic,0.053013835,0.006417729,0.9405684
91511518-b597-474e-be49-3ca9e5dc8eed,intrinsic,0.960305,0.006159752,0.033535216
98aad28f-c61d-4b4f-9995-14e5020355f1,intrinsic,0.94459957,0.009186583,0.046213858
aadbe138-59ae-4e98-852a-ea833b960478,extrinsic,0.086594105,0.011644578,0.90176135
44fb62cf-5fab-4715-ac1e-c77695a24760,extrinsic,0.027272325,0.0034467264,0.96928096
206de598-9418-45b6-a87a-a71228a8aa41,extrinsic,0.050598625,0.042493444,0.9069079
1e2349d5-a208-409d-aedb-5e06b15bec05,extrinsic,0.064483814,0.007608062,0.9279082
ee5dd72f-8de5-405a-b9ce-92c035127849,no,0.011015993,0.9781927,0.010791345
66cf7b59-956c-46de-af49-1c25ed8e5aef,no,0.021625575,0.9601871,0.018187415
e8393890-3416-4e9b-b24e-65692df8e1c6,no,0.082404405,0.76471984,0.15287575
8e175e97-b9b7-4f2e-b211-d3b146840340,no,0.008694624,0.98298126,0.008324
1fa631af-b45b-4784-98dd-1dbb6baca179,extrinsic,0.23505415,0.04157854,0.72336733
805d5f4d-f268-400a-be7d-c47dcb3b5e8f,extrinsic,0.0107213,0.0024311962,0.98684746
464a89e1-edaf-495b-b667-b88691f40ece,extrinsic,0.23329961,0.25316903,0.5135314
a9d9625e-dc84-4b62-b957-c881a4e736da,extrinsic,0.024034383,0.00350253,0.97246313
65670ffa-3574-421f-8040-e5fa0b9a3aa0,no,0.20738791,0.49160615,0.30100596
8a835eb9-e081-40f1-9adf-b609d755d378,intrinsic,0.72488874,0.017277183,0.2578341
c904a6c6-3cd1-4615-a30f-edaee4ae6d9c,extrinsic,0.026683977,0.0058881706,0.9674279
ea0f7a4d-69c8-4430-bd55-3b58b1399052,no,0.00932446,0.98293626,0.0077392664
b8733a1b-d451-4d62-b2b3-f3c0cfb51fbc,no,0.0071168267,0.9748872,0.017996037
15b89d18-69c7-473f-b8fe-d9d7f8be91b9,intrinsic,0.95678014,0.014419157,0.028800648
d651b9e0-cd65-4ba6-a8cc-ae3df1412081,no,0.0034100998,0.9893283,0.0072615254
ee2dcead-d5d9-4337-9afc-e3829103aafb,extrinsic,0.06679827,0.003119873,0.93008184
aa596b7d-5e38-4b55-bc32-88816b620ff3,intrinsic,0.95728904,0.008196799,0.034514066
72ae4e8d-2eb2-499b-8341-e7d606b9a104,no,0.004021783,0.9900136,0.005964652
65880d56-f0b4-4224-871a-9a19bc5b5b17,extrinsic,0.11660258,0.0124872625,0.8709101
b56c4aa5-a71d-4c7d-9e1d-fc68e32b47c4,extrinsic,0.09705672,0.011534058,0.8914092
48db8ad2-94a4-4908-9c8c-f138d834a269,intrinsic,0.9339968,0.009834584,0.056168687
3d53b7ab-333f-4736-97f0-a96138a06c55,no,0.07022648,0.86083835,0.068935126
74c4116a-3894-49d5-acee-d28aeb1bf808,no,0.014140212,0.9414096,0.044450246
0e1ba749-aa2d-4048-b57c-e320397e7f16,intrinsic,0.82350856,0.036532883,0.13995859
da3f8668-2fad-4266-82ba-ab2270b588e7,no,0.012650786,0.9734297,0.013919541
d38cc6dd-fa1b-4992-b910-4119d93e49bc,no,0.007137243,0.98587984,0.0069829286
65ae6e3f-bd0d-4ef1-9e43-fb5801a01f19,intrinsic,0.9457128,0.009123424,0.04516371
af2594de-b397-441f-b361-00b3924631ed,intrinsic,0.97744787,0.0023973843,0.02015469
d64b3ade-f79d-47ae-b4a5-e9a3603ff130,intrinsic,0.9597726,0.0021784448,0.03804897
f331a23f-9fee-4d06-970a-829d695f9aa8,extrinsic,0.054878224,0.011031992,0.9340898
2bb6a579-0487-40a4-955c-7c052d175b1b,extrinsic,0.05552732,0.0047193863,0.9397533
39d44489-c7af-4055-a5ff-7f9443bc4126,intrinsic,0.8575499,0.024812158,0.11763799
b31bfb8e-5e6a-46a9-b4f2-0d6301583e85,no,0.0070941746,0.98610395,0.0068018367
19bf8e6b-3702-4c5f-af1f-2b7a65e69a5f,no,0.020722143,0.9389381,0.040339783
3055ea5c-3e7d-4fbc-b119-fd020c40edee,extrinsic,0.08321582,0.025663394,0.89112073
c1cde077-4740-40b6-aa40-816712621fbf,intrinsic,0.9834178,0.0016407201,0.014941556
4a778ecd-9aa9-421d-86b4-240e26280353,no,0.0020017691,0.9948114,0.003186818
b10230a4-8d4b-48f4-91d4-a67d9b0c1c98,intrinsic,0.9871005,0.0025827254,0.010316724
c48c25b7-1ac8-4ec8-9847-b527492f65fa,no,0.054982007,0.81304026,0.13197774
c9a7be6f-355e-4917-a8cb-e3386f569b4b,intrinsic,0.88572156,0.030831978,0.083446346
7c22a846-1ed0-4f15-8abf-86ed93455b34,intrinsic,0.9675854,0.005797381,0.026617251
70668a1d-bc7b-4783-abeb-1c808ea7d5ef,extrinsic,0.027164022,0.0043850983,0.96845084
86803aa9-f544-4833-8eee-0db17530c8f2,no,0.07283094,0.49010387,0.4370652
4435471c-98a8-4c82-a5a1-774bc4df5491,extrinsic,0.20997354,0.014530741,0.77549577
b2c3645d-c70a-4114-8bb4-afebed881c00,extrinsic,0.12809122,0.02758992,0.8443188
90237448-f2e6-473e-9bb8-2104b313815e,no,0.018099166,0.96682054,0.015080337
6d212739-74b7-444f-a2f1-e636b1e96bf6,no,0.0020639347,0.98625666,0.011679412
d058ac5b-2763-4d2c-a4da-5a3ace0b6710,intrinsic,0.9831338,0.00219755,0.014668557
74fa0f63-f450-4f37-ab10-5c410797db01,intrinsic,0.9662828,0.0021835938,0.03153374
7b19ceb7-6bc4-44df-8784-31ea299ad531,no,0.06785351,0.83131856,0.10082798
bdc2e905-7c49-4c90-bc86-e18f580ba74d,intrinsic,0.9727851,0.0028846357,0.02433032
d2c76984-9ab9-43c7-b91c-0503e8152e54,extrinsic,0.0938181,0.006165027,0.90001684
63d86793-e531-40d0-a861-d14c44526eb3,intrinsic,0.84535617,0.005000122,0.14964373
45468c88-e901-44a3-8962-b339095a502a,extrinsic,0.025445363,0.00027257056,0.97428215
afc834c9-0668-4f5b-aeb5-8596fb018d31,extrinsic,0.04882372,0.0036543568,0.9475219
997d6844-0dc0-446f-bb51-a8199749fbe5,intrinsic,0.938579,0.038957853,0.022463135
52d158fc-3ba6-405e-970e-8894ade4f1dd,intrinsic,0.96072215,0.010469251,0.028808527
52c77165-5d39-4ac9-a997-548bd3f1927f,intrinsic,0.9805604,0.0033964715,0.016043024
21a0d564-ce6a-40fa-a84c-aeb5ebe11878,no,0.008069498,0.9778621,0.014068382
60671835-01da-4004-a805-865a14e33e8b,extrinsic,0.0320073,0.004491507,0.96350116
5c978b90-5c9d-4350-8ef4-b5096326c419,extrinsic,0.28707215,0.12697983,0.58594805
16c9914f-9484-4ca4-b631-aaf00871c4d8,intrinsic,0.93951625,0.0021952114,0.05828855
5ede5384-3356-46cb-9bcf-8fbe4f49270a,intrinsic,0.9376408,0.006535632,0.055823617
ed0433fe-4317-4ce9-9c56-9535b2aa056c,no,0.023042895,0.9214453,0.05551172
64af8e8c-390f-4236-a2ea-62e8333f5857,no,0.01802857,0.96599716,0.01597428
cb25604b-6d79-4042-8965-e51f8fdf5f25,intrinsic,0.95176214,0.0025411346,0.045696717
6557db59-9cf2-422b-8d9f-56bd4d0cd1b1,intrinsic,0.9495334,0.024889983,0.025576666
564a060c-44b5-4cf1-86b6-de981377adc5,intrinsic,0.6338729,0.044663478,0.32146364
c85e4dda-ccac-451a-8b07-a3a736598c7d,intrinsic,0.97121644,0.0022629153,0.026520742
bb38efda-e235-4ca4-aeb0-407a5a320639,intrinsic,0.75750023,0.024316642,0.21818316
386616a6-08c0-4ec1-93c2-b6db20d38505,intrinsic,0.9849065,0.0018407765,0.013252796
2fe487ab-f8cd-4666-a6bb-a9c39345eeb9,intrinsic,0.91258967,0.0023883982,0.08502196
186dbd22-b0b9-4f17-862e-dce383045015,no,0.016917886,0.97003317,0.013048934
24b74ac1-00e3-4cd1-a098-147f50fc2c07,no,0.040459596,0.910938,0.04860236
1089cee5-307a-4819-89ef-4bd79ecd2f6e,extrinsic,0.018915681,0.0050184894,0.97606575
2cbbe9ff-aff8-4a96-860a-cedfa96acb2f,intrinsic,0.92310524,0.0027144782,0.07418029
ad91e1f1-6d5f-4921-87ae-25a74fdc8f23,extrinsic,0.04860534,0.02387241,0.9275223
2c7bbc1a-c170-43f0-a49d-243f4961dc0f,intrinsic,0.9584437,0.006502305,0.035054
754eb1cb-2da0-4ffe-9033-666a89f25271,extrinsic,0.060196243,0.014666367,0.92513734
d8caeb9d-bd1b-4d71-a147-49a6dfa7506e,intrinsic,0.95387214,0.0022154185,0.043912463
b6540518-d051-48c4-a6f7-80957d168939,no,0.03177141,0.87799424,0.09023434
1567d1b6-9234-4f04-8453-2269d2d11f89,intrinsic,0.9468004,0.0098652225,0.043334443
6f182ad1-1e66-4b45-84e6-c2b1481c42e0,no,0.006858283,0.9727055,0.020436201
e2fd80dd-dfae-48f0-aabd-d7b6097e1f3a,intrinsic,0.90048003,0.04473597,0.054783985
73c6a156-e099-4aad-85b8-c0501e5839a6,intrinsic,0.985446,0.001846972,0.012707098
9f8a57d6-a3ee-40f7-84ea-62c8257a27a0,intrinsic,0.96401536,0.004639767,0.031344928
ab159190-055c-43af-951f-cc178fa60324,extrinsic,0.12853578,0.008302751,0.86316144
32bfb541-fef6-4b4f-af6f-78154473bc73,extrinsic,0.08695929,0.015683888,0.8973568
e16e6c61-17b8-4ae5-94fd-030d64de8374,intrinsic,0.9637676,0.0057150614,0.03051731
d3686e4b-2c1a-4617-ab65-973ed45cf6e0,intrinsic,0.73174393,0.14130029,0.12695576
64c49caa-4ea7-4af7-975b-f06605cb02cc,no,0.12607735,0.75705296,0.116869695
8402efb1-ccbe-417d-a152-f5558d99a27c,no,0.036286645,0.94014263,0.023570659
13cbca94-28b9-4fc4-ab86-e2b519206e4a,extrinsic,0.045223836,0.00986883,0.94490737
7f7fe80d-5eb4-44e4-b48b-db8dcfe09cd6,no,0.046131454,0.8941264,0.059742164
5952685c-bfad-4efb-9f52-3291a7a88a4f,no,0.019529132,0.9728084,0.00766249
75f4f5f9-c3f5-4f90-b945-5df32f22636d,intrinsic,0.98214495,0.0030562691,0.014798821
a59d6c54-3d08-42a1-8657-355b747308f2,intrinsic,0.97643524,0.0047026286,0.018862084
2f5bf0e7-ce05-4496-bdc8-9ba72a13a425,extrinsic,0.08811265,0.010193384,0.901694
0364d399-f246-4059-a5a3-c6a1d3edca3e,no,0.050914835,0.9043933,0.044691924
a11b47d4-a798-44dd-87bf-0c9eb74f38ff,extrinsic,0.032423414,0.19003008,0.77754647
d356dd8d-4b08-4d4a-b254-0552befa8531,intrinsic,0.9496195,0.010064287,0.040316336
df653a40-d2c6-454b-aee0-a8a2157ee7b2,intrinsic,0.9739952,0.004079969,0.021924801
d0b5d47b-f843-4f8c-b408-650ea3c86910,no,0.0619484,0.73944896,0.19860254
48c43fd2-dbf0-4055-9395-6f2e7f49768a,extrinsic,0.019028129,0.007157037,0.9738148
ed60292f-849c-4db3-bf9f-31d536fe9aa0,extrinsic,0.25024468,0.23500836,0.51474696
b1173972-cab0-4c2f-a810-d9c8ff4840e2,no,0.01904515,0.94105846,0.03989638
e057259f-a769-40a4-b2d4-24abb97d98bb,extrinsic,0.008701764,0.019469077,0.9718292
30b4ecd0-148d-4c00-b527-da89c07d594b,extrinsic,0.17966646,0.070468634,0.7498649
6d78e025-49e3-485b-8dc8-f58891752621,extrinsic,0.02773575,0.00903999,0.96322423
66c9658d-0bd0-482e-8bcd-3ebab84f0de4,no,0.004371022,0.98618966,0.009439327
47cbae59-4316-4039-a89c-bddb66f93ade,extrinsic,0.022785928,0.0054246117,0.9717894
61d46801-7713-4ae7-8ea4-1c86962eba43,intrinsic,0.9196303,0.00925357,0.07111626
ed0ebecf-ee4f-42de-a44f-afc81968d087,extrinsic,0.069821306,0.012562095,0.9176166
69f134bf-714e-441f-a87e-c5298e4971f0,extrinsic,0.015861461,0.0016659169,0.98247266
939c2ea3-2779-4f43-9dda-75592496a35c,intrinsic,0.4289308,0.23412141,0.33694786
50a7e15c-1ca1-4744-b331-4e4772e376bb,intrinsic,0.9810652,0.0024102365,0.016524505
6ccd0006-800a-45c6-89e8-1b0a0b59239b,extrinsic,0.04625431,0.01803066,0.9357151
b92d18a1-af2a-4f8b-9e63-6ad36e30b185,extrinsic,0.009828022,0.0029127633,0.9872592
8fcace8a-3050-4209-86a2-9ee2ca66ad2c,extrinsic,0.0016255146,0.0007977155,0.9975768
fba52ed7-c354-494b-847e-09d0d07005b8,extrinsic,0.088353254,0.011687801,0.8999589
d6c07ced-c421-4ca9-b839-33af011ff07e,no,0.009423247,0.97843266,0.012144191
962d24d1-c421-42ac-b64a-bcae31718c2e,no,0.018586433,0.95791596,0.023497619
1c227b0b-ffd6-4cb7-b582-6739fadc2fd4,extrinsic,0.28582337,0.08008002,0.6340966
a85f2199-fff2-4212-aba6-7ca08c97784f,extrinsic,0.021456383,0.010376119,0.9681675
0d65e7e0-942a-44cf-af01-b0e4063261fd,extrinsic,0.023341991,0.008957646,0.9677003
cb6508c1-78c7-47f8-8255-03a617a9e44d,extrinsic,0.043673243,0.015200592,0.9411262
f6e4e860-a4d6-4e3f-8c8c-c5f532963286,intrinsic,0.93138176,0.004569868,0.06404841
7b9c9e95-a5fd-45b2-8df7-bf34a58d19a5,extrinsic,0.22523248,0.038907316,0.7358602
d6034b67-93f6-4638-8c4d-a60ea313d47e,intrinsic,0.90319014,0.0089012915,0.08790859
cd10345b-bc65-403b-bf0e-7301047466c8,extrinsic,0.08252496,0.0030710765,0.9144039
90897a80-4362-42da-bbe5-d423943029f0,intrinsic,0.9451974,0.0012533867,0.053549215
fe962319-b666-47f5-be00-d0b92dd43526,extrinsic,0.02258794,0.016978154,0.96043384
fae9db9c-d403-4d2f-94c8-0a5a5faffeb2,extrinsic,0.017819904,0.0031470065,0.97903305
282a48b0-fc0d-4184-87cd-6625c79c277a,no,0.010051372,0.9819989,0.007949667
33cac6f2-ea3e-4752-8785-f3fe73f5cf5f,intrinsic,0.913753,0.0037316936,0.082515344
1c1d4230-cbca-4ebe-b76c-08e0fd71de76,intrinsic,0.9892207,0.0012524105,0.00952695
b4f2430a-6956-402b-8eb7-b3a226dad723,no,0.0098738,0.97769505,0.012431106
c9187bbe-e388-452a-ab2e-98d79231c2e9,extrinsic,0.28641653,0.1366135,0.57697
0b136a2f-9895-43e1-b4ce-bfdea1970bad,extrinsic,0.39389494,0.16486436,0.44124076
0002b256-3853-437c-bf7b-587c38ed3c6f,intrinsic,0.9228097,0.002348742,0.07484149
8d072c3e-3c4b-4914-82b1-68236b2aabd4,no,0.0090643205,0.9810682,0.00986746
a21b022a-37c1-46b7-ae84-08908416b6c6,intrinsic,0.9594123,0.017095594,0.023492066
c9f50e8b-a0c1-471a-a08c-3dad80f844fb,intrinsic,0.94234055,0.007463233,0.050196223
c18ac64c-fe23-4a3e-ac9b-ce885b3741a6,intrinsic,0.94302064,0.014582281,0.042397153
71fd5ac4-3260-47dd-ab77-83ea229713f9,extrinsic,0.07054619,0.016249755,0.913204
f4516227-3150-42c0-8deb-a74e7c2683d2,intrinsic,0.8803488,0.06875923,0.050892014
6a1e62da-1fc8-4ddb-aa72-c835759a3c09,extrinsic,0.24567835,0.0826791,0.67164254
081f819d-d587-44ff-8c6a-c3ca2e31e624,intrinsic,0.87435544,0.0089251585,0.11671944
53b0db6f-f711-4dea-a66b-ecf0c197f35a,intrinsic,0.9506051,0.00360616,0.04578865
6a221f4a-1f09-4275-9a85-9f60f432dc47,no,0.007960267,0.9790901,0.012949583
c1c71731-78cb-4a15-ab4c-e4ce8050b335,extrinsic,0.03287363,0.0043488746,0.9627775
53cabad9-defa-4d0c-9dec-46be4ce52af2,no,0.03347349,0.9509728,0.015553789
c05dad12-28d8-4ae2-aac8-d276bdb522a5,intrinsic,0.9246286,0.033657357,0.04171402
65feb833-175a-4bcf-bb68-f0aeecd1e0f4,extrinsic,0.17310166,0.015589256,0.81130904
73e5d11c-da79-403e-b736-9811f3af4cd2,no,0.012291116,0.9181869,0.06952198
aa5a7631-8f13-4f5a-8292-f031c14b9dc1,extrinsic,0.08524885,0.011451795,0.9032994
2ce4e36e-f140-4bd2-9233-367a65c54343,no,0.004127092,0.98924714,0.006625792
37cd1f09-5327-44e0-b8b3-504067761929,extrinsic,0.021213237,0.0055443207,0.9732424
9873cd5c-d0ab-44ed-ae90-174ea06caf2b,extrinsic,0.2544089,0.07399589,0.67159516
1e4fe459-3075-4168-965d-0b45e547a93c,extrinsic,0.31410167,0.018983135,0.66691524
0eb00e70-450a-403a-8062-368e2668bfe6,intrinsic,0.9649379,0.0020546967,0.03300742
15675da8-3295-49b9-a3e5-a4c7ce0c140a,extrinsic,0.4368124,0.018117176,0.54507047
245baa45-8005-4345-b59f-2c9f9d075d40,no,0.01406148,0.96406287,0.02187563
3ceeb950-9784-4896-b6f5-8a8b156e42bb,extrinsic,0.022608174,0.0067287115,0.9706631
2b813f2b-6543-4165-83c1-b672b0fad10f,no,0.0029076943,0.99228716,0.004805185
ba615675-efe9-4823-bc97-62940b126b63,extrinsic,0.025083609,0.0071660937,0.9677503
fc350443-db1e-4ae4-91a0-ceb5c0413b41,no,0.015293063,0.9592353,0.025471695
095bb56b-fe88-4e04-a880-ac32a8be95b4,extrinsic,0.0018506179,0.00070517726,0.9974443
4502c0c3-7dd3-4da5-9584-81111fb74f7c,extrinsic,0.00913636,0.0006587768,0.99020493
7680743c-c378-4fa7-981b-fc78da87b54f,extrinsic,0.09802403,0.0065936903,0.8953822
59873c5a-99c8-4592-ad23-bf4f4237f8fa,intrinsic,0.95084375,0.014661813,0.034494422
fdd945f8-a656-42b1-9976-ea7a282501a7,intrinsic,0.9860736,0.00130697,0.012619508
480dee90-77b4-40a1-bad5-40ee8e1c388b,intrinsic,0.51377803,0.4130711,0.07315086
e3f6016f-52cd-454c-8653-260b454d597d,no,0.01472151,0.9444261,0.04085232
3d83aedb-cb68-4170-bb9f-d9d125444e7f,no,0.023948114,0.9380777,0.03797416
224236a2-6bd3-45c6-8a82-8fd4e68129f3,extrinsic,0.029611079,0.010875962,0.95951295
ac16cd97-2f15-4571-a584-8b92696635a7,intrinsic,0.93996596,0.030751359,0.02928263
59cc6648-f0ad-4360-a5dc-6e5f1f10db95,no,0.013700317,0.9624992,0.023800544
96757b8b-eaf9-4326-91c1-f84610238344,extrinsic,0.21793468,0.012416193,0.7696491
84802556-9476-42fb-a404-3c3738d9e561,no,0.012106961,0.97442526,0.013467717
2a074e18-047b-4ebf-ae58-a505d1dba279,intrinsic,0.42079073,0.17812018,0.40108907
cc9b0f5e-4784-436c-8bc1-3e268b5de377,intrinsic,0.96836334,0.008196026,0.023440702
ecc434b3-5555-47f2-a11d-50851df8bcd2,no,0.039025698,0.917688,0.043286286
5f7ac773-6403-4fab-988c-419a38e7b73d,intrinsic,0.99492997,0.0005712337,0.0044987584
ad85b10f-8bfa-466e-aba9-c10e9c785bfe,intrinsic,0.7074285,0.0475337,0.24503782
20232941-6b24-468d-a934-234e78e54ebb,extrinsic,0.052581027,0.006864945,0.9405541
601a1751-82b5-4aa2-804a-9d730c7550bb,extrinsic,0.44208252,0.02674548,0.531172
25cb7baf-2a42-4a30-892a-e87a095dbaf8,intrinsic,0.99114347,0.00096408115,0.007892402
dd9ec0db-80ef-4c0c-bacd-d31830a099bf,intrinsic,0.9671715,0.0032175512,0.029610937
74b7d837-eca2-4a5d-bebe-8138b94395b5,extrinsic,0.02704519,0.008081688,0.96487314
58dffe1d-0490-4906-a8b7-e48e0611b138,intrinsic,0.9365687,0.0077797696,0.055651613
6d91992c-fd33-45f8-8438-2161f1a674d5,intrinsic,0.94377804,0.012237868,0.043984056
363db022-bbcd-40b1-aa03-88ac8675eb0d,no,0.01287313,0.9567237,0.030403152
65bc915b-1ebc-4270-8560-60145fef1f00,intrinsic,0.5233158,0.085591115,0.3910931
4a6bc730-2ffd-474e-ac9d-7a22c5899b4a,no,0.008852065,0.980974,0.010173861
f41c73dd-c5ea-4ee1-a92a-6241cf03c97d,extrinsic,0.08134673,0.02006822,0.8985851
d5ea5697-233b-4898-a8be-cb291a87321b,no,0.31487936,0.5853448,0.09977582
15e0875b-c204-40fc-95bf-d7ea5a044f26,intrinsic,0.95183927,0.0024326646,0.04572804
8c84a54f-118d-42a6-be75-515539b13461,intrinsic,0.85083777,0.019429611,0.12973258
3d6e5f07-1c29-4738-999b-403920f180b9,no,0.01184219,0.96797556,0.020182261
b6fe2e40-2594-45a0-a805-46e07a0dd0ff,intrinsic,0.9667919,0.003020892,0.030187106
44091ea8-c1ce-418e-8102-4c88af68f8c4,extrinsic,0.04235795,0.0070614074,0.95058066
d1b5bd1b-7078-4500-862f-2cf1f924cf41,extrinsic,0.14410344,0.03839076,0.8175058
76e4949a-8afc-4a3c-b671-4e9b2921fefe,intrinsic,0.6515328,0.20861016,0.13985707
11b1688a-4357-4e29-ad84-37bb8e0256d5,intrinsic,0.6686389,0.00819872,0.32316244
1c0640f3-7e02-413c-bfcd-c0d34091ce4c,no,0.016129175,0.8837124,0.10015843
e2b205e4-35dd-4175-9b8c-cfa2509cd05a,intrinsic,0.9655244,0.0030350077,0.031440593
a80981b4-4ea6-4b5a-a4fc-81a02f93ddfa,extrinsic,0.13216205,0.022783125,0.8450548
2b52dca4-6c8b-4534-858a-c0a07e3d0d3b,no,0.05706868,0.89673644,0.046194892
4cfd93e4-eecd-413f-b293-3e29386f13b2,extrinsic,0.06610095,0.010676296,0.9232228
67429bc8-1e12-4fb7-be91-3179786f4459,no,0.012820864,0.97016305,0.01701603
d8ee6f7c-b182-41e3-82ad-fd9e928484dc,extrinsic,0.03418634,0.0042120386,0.9616017
09884f26-1d92-48e3-aba7-374479f86098,no,0.33983502,0.39636403,0.26380095
edd98ed8-5e1b-4cfc-b792-b9206710eefc,no,0.014055308,0.96005267,0.025892064
7dca0fc4-8329-45e6-9a8b-5dac389e2b58,no,0.004956252,0.9891271,0.0059166728
6ab7a59a-1e6b-4cbd-9dc6-93809e02f05d,extrinsic,0.43204823,0.02317018,0.54478157
df3b1e3b-eec8-417b-ac7c-a0e5e6e51484,intrinsic,0.45912737,0.17654876,0.3643238
8acdc9fe-4343-4805-8dc0-a3d79e0cc9b4,extrinsic,0.04851572,0.014798314,0.9366859
f5ab4f5b-026a-4b40-868d-e3aa32cf2037,intrinsic,0.9119093,0.004899333,0.08319132
c9054cd0-46df-4dc1-8541-65fe96a3dd1d,no,0.07750873,0.77483946,0.1476518
42a0d02d-3f31-4b05-9bb6-4145dbabfb84,intrinsic,0.97855157,0.0019090667,0.019539382
1014e897-5e22-4060-ab5b-90686e3813fa,no,0.005361621,0.9897351,0.0049032066
710c20c8-8752-4e2d-b100-0dcfde1004bc,no,0.040620483,0.91070557,0.04867399
5818e709-b0d6-4c0c-a5d9-50f27c653ff2,no,0.027439034,0.93126243,0.041298565
3453630b-e1a9-4c06-87ce-56d326f2849d,extrinsic,0.056977205,0.014932926,0.92808986
47181dff-66f0-47c1-bca7-09a7b80dcbd3,extrinsic,0.029322138,0.0061516925,0.96452624
8d55a4c8-02e1-4103-b2d0-3126654e7759,intrinsic,0.9719206,0.0048123975,0.023266945
dcab1366-6434-4c99-b339-8b0592b55959,extrinsic,0.30264306,0.33914307,0.35821384
89fd7059-6b26-46db-be1d-b145d5342b49,intrinsic,0.9235295,0.015020357,0.061450135
3142b392-403b-437d-9793-1557f425d460,intrinsic,0.97745204,0.0046940544,0.017853854
99bc23b4-40b5-4109-b748-38dfff0fa6df,extrinsic,0.18213579,0.13468519,0.6831791
3740fbcf-67a6-4443-97ef-9222df992215,intrinsic,0.9732901,0.004641874,0.022068167
f46b291b-fd44-4be0-82ee-be61d9601d79,extrinsic,0.03146559,0.005484936,0.9630495
5417f9fa-e8a1-42f3-b5cb-e2645af8ff0e,extrinsic,0.0331673,0.010059129,0.9567736
51ea1edf-ccf3-4915-aca0-0d143f996d20,intrinsic,0.63158226,0.0077879694,0.36062977
ad886caa-1716-42ed-acf8-2ec9058bd6d3,no,0.13766244,0.75568223,0.106655315
d5c16384-8edd-4c33-9283-71818a6a9d6e,no,0.11604407,0.5847905,0.2991654
5b78bfc2-0de3-4ac8-99f2-9aedadd428ea,no,0.0651292,0.84102744,0.09384339
5b7bc936-885d-416e-8e93-4b8edec4b85a,extrinsic,0.036876764,0.004265995,0.9588573
9e37cc4c-647c-44a2-acb0-63df2b74858b,extrinsic,0.3934098,0.1691571,0.43743303
bc958fc7-a8ac-496d-95a8-1d4a81f3eb43,extrinsic,0.10559346,0.070015244,0.8243913
63417834-d754-4895-8cd3-fa861a9daaca,intrinsic,0.98796296,0.002450594,0.009586383
8c8a180b-9d99-44b3-8d4d-afc6daf87f74,extrinsic,0.015688023,0.0065225135,0.9777894
dc659c03-3866-42db-91ec-563ded26de8b,no,0.03769809,0.90505147,0.057250485
1a1e1374-59f2-4a77-bf25-9bc95bd2694a,extrinsic,0.046656664,0.010582093,0.9427612
addbb3d6-e894-41db-b532-c82caa108363,no,0.13096575,0.74874735,0.120286874
8de1a4a4-8b19-4c4d-9d9b-931baaf95ced,extrinsic,0.06778571,0.025223237,0.90699106
6e8466ef-f504-492e-9c6f-a40638a0e60b,extrinsic,0.03606747,0.018890755,0.9450417
239a7fbc-9328-4d9e-9d28-fa29a70d5d56,extrinsic,0.14298443,0.030600451,0.8264152
8e876e46-5e53-4cd2-8477-e50b87ce0977,no,0.043792758,0.9098073,0.046399947
2521e017-88b9-4c9e-b565-9a105ae62256,intrinsic,0.98967105,0.0011613235,0.009167597
a9c3f1cb-3ab8-4553-a9b8-dbb688aa4bf8,extrinsic,0.1494634,0.028756548,0.82178
e6f330dc-7c68-46db-b120-3d09aa96835e,intrinsic,0.9092923,0.025810778,0.06489697
cfdbe4db-9fde-4798-9139-988f63ff8a10,extrinsic,0.027299402,0.005761896,0.9669387
a69e6c4a-0984-4757-8edc-85e449af5649,extrinsic,0.08787403,0.007582477,0.9045435
4942f74e-fa2e-4680-a48e-504f3740915e,intrinsic,0.9173247,0.0037455838,0.07892975
e335f5e6-1dc5-4c72-93d5-5c10afbd0462,no,0.0031201155,0.9920427,0.004837182
3bae0334-88b6-4272-92fa-f2592edaf78a,no,0.028797295,0.88869107,0.08251169
e5aae8d2-e857-4a7d-bdcd-a5ebfdec791a,no,0.020741647,0.95877105,0.020487236
8541a159-ba02-41a8-aacf-2882cb934d04,extrinsic,0.033640493,0.003049998,0.9633095
0e7db9f3-839b-452c-adb3-f0d10d8614c4,no,0.0067907223,0.9783836,0.01482571
4ee9c4cf-f361-4f5e-81ea-f2fd9b18de28,extrinsic,0.01791598,0.0029730708,0.9791109
93efe370-c58d-4073-940f-7d3a5467ecc1,extrinsic,0.014475796,0.0021341988,0.98339003
cf67f640-ae6f-419f-84f3-a5b33a8ea139,no,0.009839956,0.9731933,0.016966764
1f962f7f-4849-4188-acf5-b999dc8e6159,no,0.018897409,0.9633127,0.017789947
d525aeec-d311-44a5-b308-88fc1be28645,extrinsic,0.028474985,0.0038033088,0.96772164
e6c6abd2-27a6-45f9-b06e-567bb19ad510,extrinsic,0.04911119,0.006513835,0.944375
27af646d-6fa3-4d53-8fc8-70e8f6a4bc75,extrinsic,0.0064093033,0.00029978456,0.9932909
8c876984-98d8-4302-93bd-93b7f77d96c5,extrinsic,0.054132074,0.015922543,0.9299454
92f2108a-686c-43a3-ae96-78eeca89aa8e,extrinsic,0.0203264,0.005660218,0.9740133
00b3d0a4-1847-448e-b3cf-7bbaa886d89c,extrinsic,0.0061810897,0.002399248,0.9914197
923e9909-4787-443d-ac2d-32bbcc7f657c,no,0.0057707326,0.98904186,0.005187373
ad38ee1c-6d7a-4748-842b-4d73376f5f9c,intrinsic,0.8851018,0.0113116875,0.103586555
955ac121-6601-445e-842f-6a47771c6819,no,0.0150820315,0.97358537,0.011332644
378b9bf8-338d-4b4f-90a1-fb3a708a15d7,no,0.023093084,0.94843405,0.028472904
4076006b-12ab-42c4-870f-e41ad89ea6be,extrinsic,0.23817235,0.058256432,0.7035712
7dee34b9-d97c-48b9-9a5d-ba2b35f22f05,no,0.008849135,0.9827675,0.008383207
82350664-be88-4610-9254-90d1bda92c12,no,0.0061590355,0.9832824,0.010558661
3b6a5999-1b2e-4603-a689-3f7b4d661c3f,extrinsic,0.10645963,0.025424087,0.8681163
5c17b718-881d-449b-b49e-ccb228ca5383,extrinsic,0.32469758,0.0052614734,0.6700409
99063a76-b2b5-47a9-8ba4-92e9e9c4d756,extrinsic,0.05522683,0.004051078,0.9407221
687eb967-5692-481c-856c-6863ef541c7b,extrinsic,0.021401348,0.0014054863,0.9771931
041fbb2d-53ad-4f9a-abea-1d81931fefaf,extrinsic,0.05324849,0.007922878,0.9388286
aed93d75-7ed0-443e-832c-5a0ec3f2c47b,no,0.004626842,0.98724604,0.008127101
3064b586-e983-495a-b331-3621c580e203,extrinsic,0.3137228,0.0076649003,0.6786123
dfae3ba1-3f97-463c-b2dc-d25041b4fd76,extrinsic,0.020081833,0.01222106,0.9676971
96e6d519-8016-4e27-bf42-e9b3bb7728a8,intrinsic,0.9893015,0.0023017693,0.008396797
2fea559e-f778-460c-9602-91f9420f041b,no,0.035927135,0.93667495,0.027397927
7b85bfd6-9981-4da9-903e-69ee85b0256a,no,0.09266327,0.85061234,0.056724362
144ecc9c-7779-408d-ac29-4938c99262d3,extrinsic,0.022317579,0.06026855,0.9174139
6a5116fa-b9a5-43a2-8f4a-743b8ac1da36,extrinsic,0.0925107,0.12917398,0.77831537
9234ba21-144f-4e8e-ad76-65654e210635,intrinsic,0.8624202,0.013711503,0.123868346
f23854dc-0457-4715-85e6-da655d3d427d,intrinsic,0.70508903,0.07534737,0.21956363
bb5600c5-6959-4f55-acc4-2016cb085b86,no,0.032657832,0.9410673,0.026274785
1c6bd8ad-1525-49be-9f51-44dbf231f174,extrinsic,0.2066105,0.13810499,0.6552845
28d8dd19-3c27-4eea-84ac-15428e67c24e,no,0.23494485,0.7024861,0.062569074
61feeb94-b46b-4068-9912-67c2ef0a5a74,intrinsic,0.54618734,0.03759992,0.41621277
78a80a85-d373-48d4-91ca-1c7dbc4be575,extrinsic,0.07361841,0.010400815,0.9159808
0f64dda1-7755-49ae-8c96-1f502d03071f,no,0.019400086,0.96039087,0.020208944
5d918e76-0242-4e79-8647-339ada14bfb4,no,0.109055206,0.6350347,0.25591013
f4228dcd-2624-493b-a048-39c40378683e,extrinsic,0.017672358,0.0072855176,0.9750421
77c61fcd-40cf-46c0-9e40-f5e98d3a1965,extrinsic,0.12570287,0.015994217,0.8583029
c92171d9-9b76-4abb-8646-3f529c752603,intrinsic,0.94111323,0.010015795,0.048870955
e05f15fc-9c0b-454b-933c-3216e1fc7e0a,no,0.01544402,0.95285875,0.03169735
b8d39835-0a7a-4dec-b3f6-c3124968c851,no,0.0043155616,0.9885616,0.007122898
4a215f96-199a-4b1c-a6d0-d0f8344b644e,extrinsic,0.29831383,0.025432685,0.6762535
0bee5543-7afb-48b1-97c4-3ba673fc1be9,no,0.006877831,0.979763,0.013359269
9aa5d015-8df8-48d8-aa22-5bb3f5d2a454,intrinsic,0.89451045,0.021240735,0.084248856
c507856e-fb00-40fb-abe0-dbd911feb893,intrinsic,0.94218737,0.0058855326,0.05192709
2b1f3788-89f5-4229-a064-9715f923ab32,extrinsic,0.021073144,0.0021150718,0.9768118
ed884828-be4b-4ee2-ac34-43f1ffa8b780,no,0.1934959,0.46771997,0.33878413
a229ed57-fa8b-4d79-bc30-49f3d40491cb,extrinsic,0.045885902,0.004694327,0.9494198
1e093bff-bf74-47a3-adc9-0642f1c88649,extrinsic,0.04506972,0.0055207578,0.9494095
9f3eb778-9af0-4a14-aa2f-abfde6fad9c3,intrinsic,0.59632885,0.02037305,0.38329816
2c5d52f7-3809-4ffd-93be-dcfb819307bd,no,0.007329558,0.97653985,0.016130604
efeae046-f5a4-4a41-a2c6-4e0083d49cfb,no,0.034067553,0.881395,0.084537484
3d8544ff-7932-400b-93d8-ca62bbf02c48,intrinsic,0.9694557,0.0009722179,0.029571988
c51c97b2-24f5-453b-9e6b-c7e2589666e4,intrinsic,0.94734764,0.003947596,0.04870475
10dae80f-1150-466e-8fe6-d954abb4a173,extrinsic,0.113798045,0.015956374,0.8702456
d1a1abdb-ff1c-46a5-bb7e-47462c675416,no,0.0035150142,0.9900669,0.0064180717
f2326d77-ee42-4dc6-8a92-49243b06946c,extrinsic,0.14876631,0.025219345,0.8260144
888e82cb-a524-458e-8f16-34a456216472,intrinsic,0.9906624,0.0013713094,0.007966256
9d5ea839-38d6-4a45-afea-b46c19891f9e,no,0.00899117,0.9752245,0.015784277
6baf3973-6f37-49b0-b404-a4e39a2d4d41,intrinsic,0.985953,0.0027065845,0.011340405
ac13e156-10d8-4b9b-b1ac-2b0a3aedbf57,extrinsic,0.2836254,0.041712455,0.6746621
885254ac-5321-4127-8716-908b0deb3204,no,0.019573813,0.9692375,0.0111887455
c422a146-5f63-4303-8d51-f877a16f4538,intrinsic,0.97409123,0.007292215,0.01861645
fa935a3e-9329-40c3-8a0e-036bfca394ea,intrinsic,0.9501856,0.0045486735,0.0452658
6fd261a7-8f0f-44c4-bb23-ccd11bfcab98,extrinsic,0.08977242,0.007934592,0.90229297
860f2469-5102-481e-9028-d1525aa76af9,extrinsic,0.041721758,0.04700639,0.9112718
bc7c420d-9e8f-4c03-8cbd-cd82a3f8619b,no,0.004718248,0.96962917,0.025652632
33a1ca5c-6eff-46e1-9fa0-bf6f036e61bc,intrinsic,0.8398974,0.072658196,0.087444454
9eaeb929-016c-4ca5-9a4f-b269566d00ea,no,0.0038231167,0.9881072,0.008069715
ee669cde-33c7-47a4-a3e8-a8cb96a32ada,intrinsic,0.99220544,0.0008184051,0.006976172
17b16478-202d-4b21-a05a-7eeb426cda15,no,0.049235545,0.9131141,0.037650388
9e67bcee-c636-41f3-952c-4ef98ea2e165,no,0.038868275,0.9260056,0.035126217
e05f67e4-d682-47b6-b602-ea2bf526d00d,intrinsic,0.4249024,0.1718967,0.40320092
bb598be9-e775-472c-9695-67210743014c,extrinsic,0.4054057,0.01762462,0.57696974
5d4237b2-bc93-4fe2-9d7d-643e1296d625,no,0.007919578,0.97555375,0.016526729
90210d73-c819-439e-a137-fbd368d02306,no,0.0043299394,0.98956513,0.0061049466
1d902d40-364b-4a34-93bd-2b30e792d49e,no,0.005304677,0.9861718,0.00852347
3b356b29-2d33-47a3-ae23-c37b0080188e,extrinsic,0.016456194,0.004423757,0.97912
1b87c09c-c690-47fb-9045-87f4a76b8216,no,0.022403844,0.94171923,0.035876904
99c8253d-ee92-4f3f-9768-3d437299f592,intrinsic,0.98963916,0.0019415471,0.008419331
2fcd2866-a524-4af0-b05e-07c7a428c539,extrinsic,0.0586169,0.0057101594,0.93567294
22d8893d-d055-45a8-9596-0ad86a06390d,extrinsic,0.120633356,0.013724443,0.8656422
554daf23-25ba-485d-8d3e-b81522d3d484,intrinsic,0.9532249,0.0070359963,0.039739188
602f79e3-a21d-46a4-b68c-9da3584888f2,no,0.21493195,0.5254317,0.2596364
8425135b-0293-4178-86cb-d8372fe3eee8,intrinsic,0.92730665,0.0039299508,0.068763375
061a1fef-56db-488e-bb70-50afc873ef69,no,0.029354647,0.9037006,0.06694477
50b153fc-236f-4e6c-81a1-0e551c8eb514,extrinsic,0.022942796,0.012924804,0.9641325
8a172e12-7c23-41a8-9b7d-656e8fdf3657,extrinsic,0.09596604,0.010449679,0.89358425
8b953ca9-263c-46ee-8680-751aafe12087,extrinsic,0.07291988,0.028502537,0.8985776
9b0c73bc-0d8c-4772-83f3-4e25cbf5d89c,intrinsic,0.9468331,0.0081813205,0.04498553
7843f8db-6e47-43fe-a84b-19dd89fa1070,extrinsic,0.18476178,0.17663427,0.638604
54cb7159-f5bc-493d-947a-eea8348a7acd,no,0.019728472,0.958864,0.021407617
04790231-0a08-43ae-8dbb-34760a5c35b0,extrinsic,0.17215884,0.13685994,0.6909812
efca319c-b8ec-4331-970c-2d78b72c1ac0,no,0.1534894,0.6839647,0.1625459
2aa18935-9cb8-4b20-adab-226df4eb35d1,extrinsic,0.012183868,0.0036356554,0.98418045
08309188-2971-47f4-bb80-5bba7e1019c1,intrinsic,0.9713732,0.0072203395,0.021406395
4f6f650a-b8a2-434d-8eac-43c19c1f0d76,no,0.007611656,0.98695624,0.0054320707
2dee22e7-92fe-4759-b3bc-0af8dbdd8ecb,no,0.014567839,0.97132313,0.014108953
66a4f863-e80d-4964-9a54-a61dc996e149,no,0.03255936,0.93308836,0.034352265
fc894995-c76d-4d31-bca7-b7df9babb0b7,intrinsic,0.9790285,0.0018885949,0.019082867
2df0c777-f07f-48ec-9386-238e732c6228,no,0.0064257616,0.98642296,0.007151258
72d953d8-ba27-477c-9829-308b8516dbad,no,0.015117522,0.9641249,0.020757534
53cced85-1dbb-4633-ad78-ccc59fe423bb,extrinsic,0.033352356,0.0026785561,0.96396905
6135b6b1-b097-478e-8c6f-abdec1568220,intrinsic,0.96271205,0.0022904675,0.034997504
8523316c-9805-4c93-b301-96379aeaeebc,intrinsic,0.95421815,0.0016736622,0.044108238
b8d26266-bf50-45b5-8199-e09916ce6a06,intrinsic,0.98130083,0.0018909269,0.01680823
c2c52769-83c3-4e51-895e-c2be9511c811,no,0.041190054,0.9110268,0.047783237
0116f941-4306-43e8-b3be-11ae76d99b10,extrinsic,0.17346482,0.034278963,0.7922562
68d8ac9f-2913-434b-99b6-f1c555492fa9,intrinsic,0.9393405,0.003351264,0.057308223
1c0d9384-c5d5-488c-9171-b0876dc4ecd6,extrinsic,0.044248004,0.0956169,0.86013514
04a71085-80f5-4b91-92aa-2c877dcea7a5,extrinsic,0.07187978,0.009513501,0.9186067
77818801-fe49-4620-89a4-cf7a168e56d4,intrinsic,0.70828813,0.094918996,0.19679278
1d5423c2-fc4b-455b-affc-c6d1c2dba308,no,0.027588803,0.9570954,0.015315782
f5dc796b-404d-414b-ba61-63d2598a99e3,extrinsic,0.0028444068,0.0007869212,0.99636865
5a1692a8-853d-4e60-8ab9-0a029e4a4582,extrinsic,0.015614544,0.0031696125,0.9812159
2e530155-f949-454c-af3e-57563d99c003,extrinsic,0.06260825,0.0057277638,0.93166405
c0d6b0c9-9460-4585-bbd6-f050bc0d8ab8,intrinsic,0.9692226,0.004830091,0.025947327
a9c63e0e-78eb-4537-90ef-5ae79278e3a2,intrinsic,0.9777769,0.0037056415,0.018517414
88bba555-c192-4200-9570-49a7d71faf25,extrinsic,0.08016391,0.0044071022,0.915429
31d01e00-e701-4bf0-a3c5-4dd566fe8728,no,0.0061498284,0.98676026,0.0070898305
e602b5c0-cc35-49d5-b7b5-11ca77fc5470,extrinsic,0.10543159,0.0069259657,0.88764244
1ce9975a-7b14-4cfc-91dc-d17fd726b7f9,extrinsic,0.051318288,0.03243176,0.91624993
24e4ec3a-49b3-4a92-af97-715dbeef3996,no,0.006927448,0.98382205,0.009250547
58a99857-65c9-4c0e-9d29-715d8d658ed5,intrinsic,0.9754499,0.0035717275,0.02097828
6730bfde-640b-4e61-bc4e-3e8d3ceaffb7,no,0.01642451,0.9763885,0.0071869246
d91759cd-0dd3-45ae-a5cc-0af379e90a70,no,0.08870375,0.8283519,0.0829443
dc085561-fa6e-493b-81dd-6f015925f84f,intrinsic,0.9856609,0.0028608008,0.0114783645
d46cd410-66c4-4a11-9801-b12d6d913700,no,0.0084967045,0.9777003,0.013802999
1d85f28c-d1dd-4d89-af30-2c998c622df4,no,0.0039322013,0.9911466,0.004921265
207f99d2-b0a9-4d9e-87f3-bbb8299a83d3,intrinsic,0.9666813,0.0063330485,0.026985545
985e0875-c966-4dfc-8916-e2758508bfa3,extrinsic,0.111321665,0.009508468,0.8791699
11f15388-830b-4e8b-a95f-7213028257e2,extrinsic,0.0770112,0.089123875,0.8338649
bf276a6b-62e6-4ec5-8088-3820ba1c5b10,no,0.39596993,0.517977,0.086053096
79a64ae5-7981-403c-afce-42fd0377b21b,extrinsic,0.075708136,0.04884841,0.87544346
49de5f3a-717c-4205-85b2-8bab9e3c812d,no,0.066516176,0.8843319,0.04915195
91c2b436-3815-4fff-9154-4f42461fbf9f,extrinsic,0.09329018,0.024460897,0.88224894
0f1231ae-3152-4b36-ba08-f3835af69171,no,0.0069775213,0.9782336,0.014788991
a027d5fd-3312-487b-8f10-4761cce6f7c4,extrinsic,0.023773227,0.007462232,0.96876454
edfe5c25-48e5-4434-8d3c-b3f494258dff,intrinsic,0.8787883,0.0123511385,0.10886054
427d0ace-88a9-410f-b9b9-d292910b5a1c,no,0.008133203,0.967934,0.023932777
f0a34005-28e8-4133-9935-48be6e64f51a,no,0.03798439,0.87033063,0.091684945
f03fa63f-1d66-4d1d-99f6-582550460c1e,extrinsic,0.04090492,0.006448755,0.9526463
9c0cbd4b-a239-4ae7-8818-c29703f5368f,no,0.00474147,0.9812003,0.014058322
3e6360c4-3f4a-4cc0-9cb8-aa88d5aa73ab,extrinsic,0.012861836,0.0016357284,0.9855025
a7ce3e0a-9f40-4284-a847-3e395c6d2d99,intrinsic,0.94985515,0.00085263705,0.049292196
34a351e9-da10-4a15-b370-2412d9e95fcc,intrinsic,0.9733645,0.0010732936,0.025562163
be16b564-c610-462b-98b3-6bb9980b7433,extrinsic,0.1847048,0.12203545,0.6932598
e9eff2bd-f317-42c6-b7cd-14ca6101e5d8,intrinsic,0.95688283,0.0045061056,0.038611073
