id,predict_label,prob_extrinsic,prob_no,prob_intrinsic
b709059b-b3b6-4ac2-bb88-2c794e2cc219,extrinsic,0.96764374,0.0033844437,0.028971868
7dc35ef5-c4b7-4538-ab90-627b9cbd896e,extrinsic,0.58678967,0.3734346,0.03977571
cfdfa010-f61c-4845-91c9-23f79be2b88b,extrinsic,0.96115893,0.00742844,0.03141267
31b33c97-2f59-4e72-8707-f47de204d7f9,intrinsic,0.084290266,0.0014230014,0.91428673
a2c83a00-e8b7-4236-86ce-5e0104df074a,intrinsic,0.0056684194,0.00088274555,0.9934488
c5972f72-948c-4907-a0d9-5a5077d263eb,no,0.015302963,0.95965034,0.025046643
c9cb5df4-6c6a-44db-977f-b5a9d59926f0,extrinsic,0.9194743,0.034412615,0.046113085
87ae8fca-aa1d-4ba4-bebe-fed2c811dd29,no,0.004268013,0.9880745,0.007657437
faa318fc-0679-486c-98fd-54823a2374f9,intrinsic,0.007131568,0.0013874826,0.99148095
1d0a69e2-146d-492a-8c4a-3f77b7395c6a,extrinsic,0.88352567,0.020989807,0.09548449
67e63111-c12d-4c63-be4e-d84f9f532a6b,extrinsic,0.6894608,0.006804017,0.30373514
147fa13b-ed91-442b-aa56-1efa8a3e4484,no,0.14549045,0.8235166,0.030992912
f3c5798c-82bf-4718-824e-ecbdc5d5ea1f,extrinsic,0.98364455,0.0005867229,0.01576866
74bff9f9-90ba-4a2b-9e94-062f6727b1b4,no,0.006037642,0.9872149,0.0067475117
2ef86070-adc5-4d5b-8f37-b8e8e0711737,no,0.18017216,0.80127937,0.018548468
52b16a7d-6c31-4ef0-910b-b3c9524d2aa0,extrinsic,0.81219333,0.102087505,0.08571925
0cbaa260-29c7-46ba-8762-c19f795c9715,intrinsic,0.010002835,0.0028709017,0.9871263
be1605fb-5ddb-4620-a483-e73270ccc3ab,intrinsic,0.0022245052,0.0012196538,0.9965558
a97690f9-2109-450d-b52e-fd66538ac80e,intrinsic,0.032615323,0.0011807154,0.966204
53eda0a3-8b61-423b-9e97-8f9dc7899da5,extrinsic,0.9436989,0.007466066,0.048835088
c984c8c1-0505-499f-a418-030a972f87b4,extrinsic,0.9709868,0.0014618661,0.027551435
911e2881-3297-451b-b9f7-a3842688e811,intrinsic,0.022411773,0.00076317583,0.976825
d95f6c1c-bf53-4d9b-8245-ceffa88f5366,intrinsic,0.28348234,0.028770423,0.6877472
3587ff61-22e7-4248-b697-e3b86bafb324,no,0.015794229,0.9367602,0.047445517
28474ed7-0f88-4b49-9948-d9280f01cdf2,no,0.0060042464,0.9861413,0.007854424
1d482b01-5f17-40dc-ae68-2496571cc900,extrinsic,0.90636533,0.0035427224,0.09009189
d4df3d68-bbf7-4271-a4e9-a3cca9dd18b5,intrinsic,0.11396443,0.002303474,0.88373214
6817a7a4-438b-4f6c-9afb-bfdd7640b938,no,0.0107556665,0.9746602,0.014584065
9f7e65e5-dc55-421e-8b2b-d5ab62cba1c6,intrinsic,0.025514768,0.0020161667,0.9724691
95617e9b-4aad-4e0f-9837-8f3b2f19aab9,no,0.011517067,0.9672015,0.021281527
6a2a73e3-a709-497b-9b21-e43974c8ed11,extrinsic,0.5118325,0.002380679,0.4857868
0838092e-cc53-46f2-b70c-698ec63adb92,no,0.014468402,0.97321385,0.012317825
ae7ea16b-f316-4c1d-b0d0-7f2a1465cdae,intrinsic,0.008375137,0.0012145521,0.9904103
6753d640-2495-4e56-b7ba-7a0cba741d42,extrinsic,0.92300195,0.010260878,0.06673721
fba48cb8-665c-4d8b-9cd3-affa84bd973a,intrinsic,0.046626024,0.07489823,0.8784757
dd3de1a6-21f0-43fa-a50b-55ba853e1f2d,no,0.026760865,0.9634509,0.009788306
c42af041-9f49-411a-8b6f-0bf4ceec1cd3,intrinsic,0.025800083,0.0011810982,0.97301877
24f0ade9-de2a-44de-bdd4-c0e8ee9e768f,intrinsic,0.0029873038,0.0010851113,0.9959275
6cdb1a88-d3b1-416d-a3ab-89a52f6cd2cd,intrinsic,0.0081902975,0.0010934892,0.9907162
833ef7fb-8da2-4e02-824a-9401668f1c23,intrinsic,0.019124057,0.0021420706,0.9787339
7575b8cf-4deb-44c9-9329-071da25d919b,extrinsic,0.92350227,0.011560171,0.06493758
719b4a68-6b6a-4c55-9e4f-9b91ac42c80f,no,0.01240646,0.9734293,0.014164143
a1886042-c759-4987-8ca1-6b0bcd0e7cf3,extrinsic,0.9462647,0.007830932,0.04590441
73276dc7-d9d9-4c7d-9490-f16944ab5600,intrinsic,0.0071464097,0.002072163,0.99078137
0527270b-eb9f-4f9c-969e-990d4fedf740,no,0.06612406,0.7784044,0.1554716
f05c0dec-152e-45b5-bd67-4877d24f8f6b,extrinsic,0.93352014,0.0070608333,0.059419025
b95e1113-c4de-4a71-840e-ca737e60222d,extrinsic,0.84697926,0.0056262575,0.14739448
65473e52-7738-405c-a3b3-fbc5896e03bd,intrinsic,0.112764545,0.001723961,0.8855115
93895c19-e978-4d68-9f62-7dc9dd0c8793,intrinsic,0.021765474,0.0016983043,0.9765362
f3659a06-b537-4fd0-95e1-d5cc2f8bde4f,intrinsic,0.09153747,0.0030938955,0.9053686
9c463d20-ed7f-4b76-baa5-12c214987315,intrinsic,0.08338939,0.094178885,0.82243174
dd205f51-9579-496f-86cb-c48c6921ad95,intrinsic,0.0025573587,0.0006292908,0.99681336
6ba0f481-14ce-4268-be62-2ee1912f313a,no,0.015966149,0.9775744,0.0064594187
9380ad73-a84c-44ec-9f3f-a8081c6558d3,no,0.038653567,0.93509704,0.02624934
256bdd5a-fb4a-43da-8c0d-06c0bc27871b,extrinsic,0.9139861,0.0024042013,0.08360969
8e49b0bb-92fd-4794-8172-dc200f89ad1d,extrinsic,0.63767654,0.016112989,0.34621042
1f28d882-0bac-4f12-a5d0-10425958259c,intrinsic,0.004868204,0.0007919478,0.9943399
32ca8a1c-2a40-4bf0-87ca-3706dfe69ba7,intrinsic,0.022511056,0.0027036583,0.97478527
0ce11603-74e6-420b-be2a-73ad36a04cf3,no,0.011907673,0.9784912,0.009601124
03a5b309-cc61-4bd0-a4b7-f0727f834cd9,intrinsic,0.0025471093,0.0007240586,0.9967288
6dd5e6db-7bc2-4681-b25c-fbfd4c299ef3,extrinsic,0.9200636,0.0051836707,0.07475275
57362930-a2b1-4881-a67e-0de662709881,extrinsic,0.8298826,0.09855657,0.071560845
f85980d1-9e99-42e9-a078-d2d1f51a84a8,extrinsic,0.97604877,0.00072507217,0.023226142
9ad500c2-252f-4cf9-a724-9a5461de8e21,no,0.020145155,0.9587844,0.021070456
83bde43e-6ab5-4440-8694-b36e763ab138,intrinsic,0.0067052315,0.0011843725,0.99211043
6e4fc174-49f9-47d5-9259-6fde9d5d3c18,extrinsic,0.9106538,0.038583692,0.050762434
288bafa4-5e05-4c33-8441-f8ba187661ce,intrinsic,0.17200027,0.04427601,0.7837237
8896fcbf-9580-426c-a48e-799819e884e8,no,0.0071177175,0.98316723,0.009714994
d2b0536a-5175-4152-8fda-955f3bc0c1cf,no,0.026117394,0.91639155,0.057491045
4bf428bf-f017-4e60-a58d-69f6ab1db1ef,extrinsic,0.89104694,0.007726499,0.10122655
8407795d-fc74-45dc-b951-d75b9f0cb91a,no,0.00905751,0.9780833,0.012859206
60f3cd4d-8f5f-462e-bdc8-103b143ccf6d,no,0.012413273,0.9728476,0.0147392005
ff4d20c6-3283-4254-add8-253627510e66,extrinsic,0.9524585,0.020306231,0.027235238
b27a3cb5-dd27-4bac-b41f-ee81715e0d51,extrinsic,0.39803943,0.38642123,0.21553932
d110d07b-1870-4435-adc9-ca265ec03ac4,extrinsic,0.87617517,0.0057023317,0.11812245
df45d856-d981-4991-bd75-1e8cc9947cc4,intrinsic,0.0062044584,0.0007985756,0.992997
089856d3-082c-4846-998e-b35f19a97876,intrinsic,0.07314295,0.008550372,0.91830665
65864497-7f4e-4c5b-a9fd-b8f3cdd71f28,intrinsic,0.23408243,0.24987125,0.51604635
7b06f09b-ed14-4192-913e-6d6a1bb8f2db,extrinsic,0.5633242,0.35756254,0.07911323
b55a4411-fc0f-48df-9803-5b7600701314,intrinsic,0.0048410264,0.0016107273,0.9935482
8fe37da7-6997-482b-beb0-704212e970c6,extrinsic,0.7539263,0.010217133,0.2358566
af7d20c7-0d77-4207-a3f2-4ec7ee61680b,extrinsic,0.9576121,0.001798206,0.04058971
4b978a58-d835-4550-ab3d-f1583cea4ca4,no,0.003926651,0.9925398,0.0035335158
1629a816-e3ba-45bc-b0ba-90b9de853bfe,no,0.01231941,0.978156,0.009524569
1975efcd-c7fc-4375-98b5-aee3e177da4c,extrinsic,0.9229274,0.016589766,0.060482822
90f39fe9-8961-47c8-83a6-61663a8166f1,extrinsic,0.73006034,0.00811611,0.26182362
9f9837fe-a9a6-48b8-ac88-7576d11bcfc5,intrinsic,0.013649087,0.0009864911,0.9853644
d2a133cc-6604-4d9c-8a6a-7a03a06871d7,no,0.036216572,0.9444312,0.019352226
b7ebf9e3-9dea-4933-a140-e7a6527c1df8,no,0.0072110393,0.9823553,0.010433648
84e92bc9-fef5-4393-9368-0f9082abd4cd,intrinsic,0.060430277,0.005069209,0.93450046
ccfc5fa2-05ed-4682-bec3-f34c54ab7dd7,intrinsic,0.0040784082,0.0026632745,0.99325836
f833b079-b02e-43a5-942e-7cd82701e826,extrinsic,0.91704655,0.00338133,0.07957217
cc59c1cf-858c-45f7-ac83-501e3e4d32a0,extrinsic,0.77001035,0.00491498,0.2250746
a13e7165-b9e2-496e-944f-624cb8b22840,no,0.017582871,0.97292703,0.009490102
f3640a0a-5db5-41ea-9b54-35c9ccdc1c48,extrinsic,0.9646864,0.0014784565,0.033835188
76e1958a-19e9-494d-82da-ee4ed2965fe3,no,0.060217176,0.5902453,0.34953752
bef3a421-7c31-422c-89b2-53379ab1af10,intrinsic,0.011424025,0.0007478648,0.98782814
a3a2f092-d3ba-46f1-bef0-0d43d3fc00fd,extrinsic,0.96990573,0.0045185443,0.025575748
e15a2c06-fb77-498e-89ed-d4cda4eaf418,intrinsic,0.031566042,0.0009734553,0.9674605
c02d7d3b-5f50-4568-aad4-0bbfe710f482,no,0.068922214,0.89903307,0.03204476
d8ad115e-8777-4a25-b84a-40d434d2ae71,extrinsic,0.6420269,0.0026403528,0.35533273
32e7a3fa-1818-4228-a11d-89de3191be12,extrinsic,0.9825699,0.006471641,0.010958495
d907e74f-8c5f-42fa-9cfc-5f5f79dde00a,no,0.030192971,0.7547522,0.21505484
fd301105-2147-471e-ae04-a18a07ee0804,no,0.008539149,0.97976273,0.01169816
2f8d2653-6fad-4996-891b-b805c08a2f4e,extrinsic,0.9686471,0.0025875263,0.02876539
1b195dde-72ae-489b-a21a-525eaf468913,no,0.0078655565,0.9838395,0.0082949335
5f600ddf-c105-42d7-8688-52fbe91b2c67,no,0.0031308082,0.9913919,0.0054773646
1b5eee76-c3e3-4960-9e87-09c53d139a7a,no,0.0052255807,0.98571175,0.009062702
2771f5fe-ab85-4f6e-a8bc-9e7fe3a05bee,intrinsic,0.020408874,0.0007386127,0.97885245
d42d7476-5270-4125-89b1-7fb7ea45dc8c,intrinsic,0.042749178,0.0015670401,0.95568377
e8d6bc64-4b57-43d9-90c5-045f9fc66b7b,intrinsic,0.03858063,0.35154143,0.60987794
c460e3e1-e7e4-476c-b8e6-400e0d3cccc1,no,0.010153263,0.973254,0.016592745
0136221d-c3ce-4986-8502-486fe86406fe,extrinsic,0.7554379,0.027143087,0.21741901
20756147-7473-469e-a22c-3a384dfe48e9,intrinsic,0.006656481,0.0010064756,0.99233705
e6207295-8b56-4430-973b-b586334e3271,extrinsic,0.71605396,0.005899172,0.2780469
e18b2e6e-239e-42a6-a3c6-0862b7a0bf66,no,0.003923042,0.991577,0.0045000105
3a282882-ccee-4136-9488-164e36271480,no,0.012578719,0.97525704,0.0121642165
e0dd1ce1-fb5d-4d8c-9a15-7fafa8e41dd0,intrinsic,0.117466934,0.0074271774,0.87510586
fdbd59a5-f0df-4a76-b1d9-28a55363b01c,intrinsic,0.0035866115,0.00072027266,0.99569315
fbdc72df-ca19-40a8-b5a8-fba45cae9081,extrinsic,0.73836476,0.0042282487,0.257407
3d0a8bde-658b-44f8-9ec2-5f0b61b39592,intrinsic,0.014191723,0.0013609899,0.98444724
7664310b-92e4-43d7-8110-7d9ea3b842bd,no,0.024909789,0.96167904,0.0134112
830e6e6d-dd88-4d7c-ba77-a3c99efae165,intrinsic,0.053943746,0.058070295,0.88798594
982e279f-06cd-4c89-87aa-f44b8f335c1b,no,0.01876702,0.94953156,0.031701345
e71fa3b3-9443-49ea-a7fb-109e15acd48b,extrinsic,0.7759067,0.14514802,0.07894527
70d8edbd-8c63-45d2-a230-e159773a1bef,intrinsic,0.014704156,0.0007464652,0.9845494
4b1214c2-0d35-42f7-a05b-c82986f2efb3,intrinsic,0.10472102,0.01455411,0.8807249
c61d6fa0-1fae-46bf-ab20-7081478ab11d,no,0.02777698,0.871534,0.10068909
c0b94542-5346-4a28-82ff-7748e2325510,no,0.034959514,0.9573323,0.007708239
56fd33c4-9d26-47cf-a11f-8eec87286ed0,intrinsic,0.008298345,0.00166795,0.9900337
0dd54bd9-59de-4d82-a647-b3a12ec70ca1,no,0.028625812,0.93752676,0.033847388
99f2bf5d-e7aa-430e-8869-ba28b9ab2e56,intrinsic,0.0015657166,0.0005873828,0.99784696
81086ad5-6432-4461-8acb-8bf31497db8c,intrinsic,0.008670824,0.00060722936,0.99072194
d4e6b0b9-34c7-493c-abaf-69f5639775d3,no,0.008999215,0.9844854,0.0065153125
23f21852-6dcf-4ea3-bdff-2e7c9baa6fcc,intrinsic,0.026318176,0.001455105,0.9722267
53a4fc54-20b5-4a81-8514-c84815ea58a5,intrinsic,0.016305726,0.022434449,0.96125984
645f1565-4910-4be6-b4f1-383a0e782da9,no,0.018924858,0.9593744,0.021700686
3604e359-1d64-4239-b40c-2bf85850d30a,intrinsic,0.17609397,0.12026569,0.7036404
6f235f13-4011-4337-a395-75f779095cd4,no,0.005020328,0.9864428,0.0085369265
87eebba1-88f3-4bb7-a40e-21f8fef43383,intrinsic,0.010047381,0.0010763113,0.9888763
5854b5db-3b17-41b5-a140-836b3adcadd0,extrinsic,0.96380436,0.0043986016,0.031797037
dd71e459-9eb0-4aaf-af8e-000250b16a6c,extrinsic,0.96849936,0.0015256967,0.02997484
b7ac89d0-2e13-473c-a01e-a8d0c2acf667,intrinsic,0.04550705,0.002689638,0.9518033
e6920c88-2785-40af-9245-aea04aa81f32,no,0.003351979,0.992035,0.0046130344
8b0acca3-c469-46b3-b4a8-41b9b0cb95eb,no,0.06909293,0.76782477,0.1630823
450408cf-89da-42ac-a4e0-c22b303e8d03,no,0.009796163,0.98418707,0.006016906
75314246-18e8-47ec-b012-c94288ee55c7,no,0.0067626648,0.9824097,0.010827603
13bec668-1364-4ad8-9b98-a4f2ddfdac96,extrinsic,0.9709099,0.0052674804,0.023822652
d79a0908-ccb6-4a7b-a136-e45fbb40cab1,extrinsic,0.95722526,0.0024594013,0.040315386
903b5abe-386e-4688-9a60-090164e87ac5,no,0.0066854274,0.98689425,0.0064203795
ef5217a8-ddf8-4c69-a577-eba06883a47b,no,0.005941896,0.98777497,0.006283139
bd1c521f-a89c-4f3c-ae66-3213effe919f,no,0.05219369,0.9242602,0.0235461
9b03f897-e303-45fd-99a8-04ad6f1ac3ac,intrinsic,0.0026326731,0.0006854384,0.99668187
a72295d4-eff5-4d50-8b28-38c0d41d46c4,intrinsic,0.076226115,0.0028780848,0.92089576
e35d2ed4-9227-4ccc-8be7-a465d4d0bdc9,extrinsic,0.96999145,0.0052975137,0.024711037
7092a5bb-91bc-4326-8c0d-a93fc22ca17c,extrinsic,0.9217681,0.0031280364,0.07510379
79468a93-9874-43f1-8889-3b8bd2d9cd28,no,0.008858612,0.984057,0.007084389
d04af7ef-086b-4dd2-9462-d4314cbe600a,intrinsic,0.0068297028,0.0013252273,0.9918451
36285282-31ca-451d-a293-52691422344c,no,0.005024654,0.9855322,0.009443112
ecfea44b-ff1e-418d-906f-8ebaf1b3ffc1,extrinsic,0.9826684,0.0023903379,0.014941238
63aef649-8f02-46c2-8588-9966b78376f2,extrinsic,0.9686558,0.002710384,0.02863382
41bd6622-45bc-4fa2-9f08-2fa44e8c731c,intrinsic,0.1609327,0.004805289,0.834262
4a0b9871-d7b8-4c80-b84f-179da0442e75,no,0.003948723,0.9902113,0.005839946
da83ece8-a746-4cc8-b25e-619f3e447d8c,extrinsic,0.97859406,0.0020030625,0.019402891
9a5ab87a-b9e8-40a1-b99c-66b5670e89e5,no,0.049680497,0.76998085,0.18033858
d21770fe-9094-4312-93b0-76b7b493744d,extrinsic,0.96457356,0.008054116,0.027372306
54f9f08a-874e-4a92-ad18-dc3846f196b8,no,0.07097522,0.914151,0.014873837
92024210-de28-457e-88ef-a0dc751fb30a,intrinsic,0.0133147435,0.0018323695,0.9848529
9fbc72fd-4300-4e4f-a93f-9387bb21f4a6,intrinsic,0.12602203,0.0054235826,0.8685544
f1bc5ce8-4c76-4207-97d9-90a749ac4d6f,intrinsic,0.025795687,0.01398509,0.96021926
85bb5209-027c-40ed-90ab-e9ae80b2aacc,intrinsic,0.06632731,0.118642695,0.81503
523bf72c-012d-4458-b1c4-5d5de5dbee09,no,0.030351635,0.824109,0.1455394
21ad0f9e-4e98-4493-a79a-7fe518262dba,intrinsic,0.13529031,0.0021508352,0.8625589
21e8277c-ece0-4c6d-8241-14fc01c1f341,no,0.07925461,0.89678526,0.023960099
a60d2858-9853-4a85-8a66-012971ffca9f,no,0.0064498456,0.9860108,0.0075393496
4c905586-5b38-4e71-9157-c2930c8ef07c,extrinsic,0.4335204,0.13733156,0.429148
8ad85409-86b7-4be9-a268-2d4c1474bebb,no,0.0051115598,0.989023,0.005865422
122b124f-91c0-452c-b066-417f72ac75b0,no,0.045533936,0.9031076,0.051358413
c40c8d57-8846-4486-9f80-c6129660db56,no,0.0043227416,0.9883819,0.007295353
1883856a-4ac3-44fc-b6da-f81984156a65,extrinsic,0.9784008,0.002770416,0.01882878
7afa31da-c29e-44bb-b024-77797da9bf21,intrinsic,0.0026057456,0.0013341453,0.9960601
90979102-f245-4a5a-88e5-f783bb99140f,no,0.007085961,0.9843805,0.008533539
91afe2f2-7db3-4a49-8cc1-30663b7e9978,intrinsic,0.39361694,0.07133633,0.5350467
e302be7a-b024-47f4-bfbf-30c5a1a9f53f,no,0.032375842,0.9337057,0.033918496
1ae0843c-552a-4111-ac9f-fd37ed37d97a,no,0.08649045,0.8212511,0.09225846
d0538b22-df66-4e91-a8d7-79a257f06546,extrinsic,0.93340063,0.006699648,0.059899695
7a83034e-bef4-4579-8c46-ab6ad270f07a,no,0.006495042,0.98872465,0.0047802934
80618f95-d0bc-4c4f-9443-b92dc97483bb,intrinsic,0.46390834,0.04933999,0.48675165
1dd98f3e-c961-435e-b748-3a0f4c69ba0e,extrinsic,0.63108194,0.22575662,0.1431615
e28838d0-c48c-4d92-8773-b3a514cddc8a,intrinsic,0.12355608,0.08489964,0.7915443
f33f1fb1-a1c7-483a-83da-ad75a92c4470,no,0.017910289,0.9533488,0.028740909
934c5895-7790-4dcf-b640-b14af84edd92,extrinsic,0.7804081,0.10361587,0.115976036
7efba304-016c-4f50-aac5-73098aa1b5d8,extrinsic,0.9665018,0.025317963,0.00818031
83035e2a-9e3b-4e2e-88ec-cd8019863ca6,no,0.039190643,0.81055725,0.15025206
dd9dd4af-e6e1-46e3-a104-0a19cf035726,intrinsic,0.0027676944,0.0009301655,0.9963021
c4aff211-b3ad-4962-8bc6-c98017275b53,extrinsic,0.9359436,0.004866206,0.059190243
c8fed078-2a3d-4228-983d-650f0ad013d6,intrinsic,0.031782765,0.0013074313,0.9669098
03d73e83-0234-476e-86cd-4ccd434baccf,intrinsic,0.0055447863,0.0007794226,0.99367577
ebfcacb6-7464-4db7-af36-e4d5d1754ff8,intrinsic,0.009112781,0.0013540497,0.9895331
e793bf60-1fad-49a4-80dc-e03b87c92f3c,no,0.013247582,0.9597048,0.027047524
b5975b5d-66f8-42ac-935c-82f522d558e1,intrinsic,0.0038519232,0.0009683636,0.9951798
f1465f78-ffcd-4164-bbb2-cc79e63b59eb,no,0.043214474,0.927655,0.029130517
9061f6c0-6c46-4629-b7d6-cafac614f2b3,no,0.017698344,0.9682515,0.014050045
752bf02e-d736-4308-aaa7-f91f5c49be7b,extrinsic,0.9819723,0.004257746,0.01377
87694233-a4ea-4125-9a46-95572babd08c,no,0.009192016,0.97446173,0.016346257
c898d23e-9bf4-48e6-9f1c-18dfbda2722a,extrinsic,0.97315174,0.0036802636,0.023167964
a163aa9c-4350-4bfe-912e-6128ccb4c272,no,0.008313653,0.9845723,0.007114056
e9e593dc-cd61-4eea-8b3b-978987d27c57,intrinsic,0.035959676,0.003744198,0.9602961
5298bb1c-df10-4de4-8094-59425d82cb27,intrinsic,0.051849347,0.0029464914,0.9452041
e9e80d1d-7239-4f36-9a08-75682f1dd08b,no,0.016008157,0.9673854,0.016606422
b55f97c3-3a4c-4352-b1c3-fefa5c2874b8,intrinsic,0.0048535685,0.0007415956,0.9944048
916284cb-a32e-4521-874f-2969592fa104,intrinsic,0.0097508365,0.00096467935,0.98928446
8cd5735e-41c4-4095-adbd-c41e2869d9e1,intrinsic,0.0075746523,0.0025729488,0.98985237
e3e34d99-8134-4ca3-9859-ac9540dbdd9b,extrinsic,0.98424965,0.0050097825,0.01074058
d7fb0ee2-ab27-4b24-b66b-a543cdeedbb7,extrinsic,0.9887333,0.0011098644,0.010156886
e2bee291-5731-4aa5-8dda-b69160b1935c,extrinsic,0.95213175,0.01056776,0.037300523
61b93cdb-8e19-44b5-b4cb-233b450d8585,intrinsic,0.14727703,0.017775295,0.8349477
e0f6f8d7-375d-4d0e-b258-6de95f0f58f1,extrinsic,0.985683,0.000697643,0.013619337
25b0fa47-6484-46d1-bb50-b73cf0c6d149,no,0.00803481,0.98409027,0.007874892
1691093a-3b29-48fd-8862-7f4c4404fc91,no,0.0056651686,0.98648226,0.007852544
9008a760-c55f-4141-ab39-c3245d89d731,intrinsic,0.008469354,0.0014368382,0.99009377
13118f3a-1a44-4fd9-9696-c43be3df4ab5,extrinsic,0.7177197,0.010171676,0.27210864
f0029de9-8aa7-4068-b078-9ccb565c06b4,intrinsic,0.030632863,0.006274058,0.96309304
d9c1f39e-89fa-456e-8d69-79dc00d9bd0c,intrinsic,0.04497155,0.051892165,0.9031363
0ca5cdcf-a5a9-4c31-a728-af82db98a3d8,extrinsic,0.82506484,0.14045751,0.03447766
da87ad40-62dc-4644-bc57-d8ecb5c706c8,no,0.42157948,0.42544207,0.15297842
88701ec3-64ba-4478-885e-59f4e6754be6,no,0.01606146,0.9683714,0.015567136
99b7bb23-c3bc-4298-8300-d90be54bd0fc,extrinsic,0.97696906,0.0024315899,0.020599276
4e6fda16-ab40-4e63-a87e-a058d5a2e982,no,0.12162042,0.8480877,0.030291902
bfd51b6e-5579-449b-a62a-a64f8655948f,extrinsic,0.9471815,0.000673504,0.052144952
99b23173-5446-4bc3-8762-6280dbaf74c0,extrinsic,0.791592,0.0027591237,0.20564884
fab72bbb-f9f3-4bf5-91a7-337c659c0be8,intrinsic,0.041424323,0.003361558,0.9552141
8fffcff3-31ea-457f-a7ae-4892079f69fd,no,0.009855476,0.9788689,0.011275633
0b9d4ccc-e7dd-42a4-a542-ffc1b0a78d6c,extrinsic,0.9828871,0.001090494,0.016022453
c233417f-dcee-4174-91ae-d6d3b3813563,extrinsic,0.9286197,0.004608079,0.06677214
59e12f32-735d-4444-b4af-4c91c75a798d,no,0.0067947027,0.98365176,0.009553516
dad4821e-12b6-4a3a-84b1-b4d269c523b0,intrinsic,0.009222259,0.0008951883,0.9898825
706a0ee5-055c-4dac-b598-166c2a057b53,no,0.16964774,0.654831,0.17552122
b9500414-524b-41fd-a283-12a8cd086cf9,no,0.03483693,0.9024579,0.06270518
6cbe351a-cef6-45a7-b284-dafa30129690,no,0.019681275,0.94782,0.03249869
bcedd3e1-ab81-49b3-872c-ad0928e81abc,no,0.016772661,0.9719134,0.011313905
a8de6770-298b-4b77-856e-fb001538a225,intrinsic,0.010421232,0.0011429335,0.98843586
2096954b-ac1a-46ae-9ac4-9c346105b208,intrinsic,0.14605188,0.09428119,0.7596669
7945baf9-498e-4718-a193-ea52950e081d,intrinsic,0.018342309,0.0010677443,0.98059
2e57ebf8-c9eb-4cee-a05c-1ad3a50d272d,extrinsic,0.9658052,0.0038805474,0.030314293
12b31f56-b45a-42bd-b5ff-9b8fa9de1c37,intrinsic,0.0037430462,0.0021420347,0.99411494
19359339-cbcf-4d63-ab00-2a87cc2e74d5,extrinsic,0.978676,0.005230797,0.016093185
31081e5b-1890-4df5-ad45-3a600614bca8,no,0.016731612,0.96325207,0.020016307
6a6bfdc2-6249-40fa-9d84-132e0de21446,intrinsic,0.4470718,0.009585009,0.54334325
0f58fdad-6c28-4e75-99e3-5666a3b0c4e6,intrinsic,0.0947107,0.004781861,0.90050745
bc8afddf-bcc0-4fb5-a7ec-bf3369e2b403,extrinsic,0.9812981,0.0011788964,0.017523024
3778be96-f6cc-4033-9604-bd747a90ade7,no,0.00535296,0.98723364,0.0074133873
40439bef-0b73-4558-b906-3ac18bf3d7f0,intrinsic,0.0489715,0.0015933583,0.9494352
f38c2d73-e9f8-418d-b6fe-720c4fb66693,intrinsic,0.0049121943,0.00065813493,0.99442965
1ea2c13c-66c0-46f4-80ac-b1555fa1cc71,intrinsic,0.005685365,0.0008753523,0.99343926
a52476e1-e1b5-459f-9cb2-7cfd3e49dfe9,extrinsic,0.9728113,0.0016389792,0.025549762
b893d2bd-b271-455f-85b8-9cef16789bcd,no,0.022936266,0.9605709,0.016492825
1d7eefcd-58cb-43d1-ab5f-ea2203b7b87c,extrinsic,0.96272254,0.0075645884,0.029712865
1dcdbeff-76a6-4cfa-b3ac-9002d2b5f8b2,no,0.010094418,0.9743357,0.015569912
c76923b0-e183-45f6-b894-fa4673529395,no,0.019479096,0.9143785,0.06614248
07c6ffdb-49f3-4ff9-99da-dbbb3d374e13,no,0.0129337385,0.975389,0.011677246
24c557ba-8c37-4fad-916b-b340fa6211da,intrinsic,0.004949967,0.00059261225,0.99445736
def56fe0-a0df-461f-9dc3-8d97734ff6c7,no,0.004398157,0.9881599,0.007442043
0f371b68-250e-4af8-901e-5e0980718c18,intrinsic,0.35593566,0.007097835,0.6369665
ae4c57fa-f8ea-4a68-8ee9-e14ca4a2f463,no,0.05288687,0.873461,0.07365208
aaa2e4db-654e-4330-8380-42ec4ea8631e,extrinsic,0.96492106,0.004956452,0.030122498
4462119d-c2fb-4edc-9f80-340acd4e2fd5,no,0.3962713,0.5735346,0.030194107
b4cb1e5d-2a9f-42bb-9b5c-223117198428,intrinsic,0.006948424,0.00091613026,0.9921354
d70f7fd7-0ce5-47aa-a58d-2d9e8c1e7523,intrinsic,0.049980573,0.017820008,0.9321994
710199c2-96b0-4444-9369-394b73d63af9,intrinsic,0.44763634,0.0037856176,0.548578
9c52867a-8b54-43ea-904b-1180c59a8fd5,extrinsic,0.9538181,0.0057521192,0.04042974
d2ea3638-d004-4696-af17-a2626af6453d,extrinsic,0.87701327,0.036999032,0.08598768
5dd1a63b-3038-4608-982e-2c598612aff0,intrinsic,0.004302108,0.00085135084,0.9948466
66fa4bfa-7943-4422-901c-e43cba6b03e1,no,0.008408625,0.9799574,0.011634042
5a780eeb-d7d6-4adf-9525-76546c1d4f40,intrinsic,0.045922294,0.007114278,0.94696337
7324dcb3-e9e0-404a-8301-45edb1f15230,no,0.012353096,0.9725585,0.015088376
461a8536-85bc-4e2a-9fae-ee445aef5827,extrinsic,0.9036165,0.002977967,0.09340553
a835b84b-251c-4adf-b63c-b6555644b1b5,extrinsic,0.5671887,0.003454601,0.42935672
0115804d-2ef9-4f6b-ace3-70e706b15c1e,no,0.01129612,0.9696982,0.019005667
987b08af-b2d7-4b4c-ad66-57aa8b8ea3a0,no,0.008917861,0.9768311,0.014251021
ee636efb-5572-43f3-909e-b1dfb3352512,extrinsic,0.97188234,0.005383148,0.022734448
1eeb273f-7b4a-4ee3-8a43-f984bcd3813d,intrinsic,0.006573794,0.0007531722,0.992673
d59cb34e-c6a8-4621-a65f-6fb272ed1bb7,no,0.0067262123,0.98415726,0.009116474
b3fad772-1830-4a39-b3df-24c8a2f392db,extrinsic,0.8744373,0.07279941,0.05276331
1a06c574-8962-440d-86ab-ca13507d05e2,no,0.22409388,0.67572415,0.10018199
cf30732f-ac15-4b24-becb-96c17f4057ff,extrinsic,0.951464,0.023382228,0.025153816
c8f882b7-37f5-40fd-b63d-ee4b3b8f1580,intrinsic,0.00557028,0.00063320546,0.9937966
5ba7fe8d-4855-42e2-ba97-5ba45496a9f4,no,0.05471657,0.9283153,0.016968096
a3855c54-6ea3-44be-91e3-aa1f8d3d9ee7,no,0.022044526,0.9523944,0.025561115
f6d8eeb9-91b1-4a27-a9f6-3f4c7c6b2c81,no,0.037592992,0.8807385,0.08166855
b2783911-7c05-4ff3-9056-ef199cd8217a,no,0.011920944,0.95897937,0.029099608
6085a80e-7510-4e91-bcc9-a8d7eee3981a,intrinsic,0.018964581,0.0016348517,0.9794006
76ddc00b-1101-4540-8da4-46b945125879,intrinsic,0.015915409,0.0009765961,0.983108
8afc8c33-0653-4e07-bd1e-13b899bbd203,extrinsic,0.9744343,0.0033614729,0.02220418
4530652d-c734-4577-bcee-8d332749ea57,no,0.005359722,0.9887834,0.005856836
33b878a4-93bc-49b9-a21e-6453c8ccb4ba,extrinsic,0.9564635,0.003350822,0.040185694
514eecff-ff43-4521-a1e6-917446d07c13,extrinsic,0.88860667,0.002808745,0.1085846
6c47ee1b-2cdf-49af-8dd4-8455b2a927ff,intrinsic,0.012085444,0.0009637263,0.9869508
bf423612-e2b3-458b-b40d-730d3d484ba2,no,0.010842879,0.97903466,0.010122533
0743f801-9ebe-47ec-950d-c50877f7c658,no,0.054703705,0.9211459,0.024150345
9e3f452c-4253-46bd-9b40-332f512b164c,no,0.0694373,0.49260536,0.4379574
e562d5f0-dd81-4399-be78-980765ef864e,no,0.018511929,0.9611857,0.020302381
aec27da3-7865-4f00-8b85-2d1a94aff06b,no,0.016937518,0.96058893,0.022473538
5fa0df40-3858-45a3-b82d-62eb97c2939f,extrinsic,0.91199195,0.007470976,0.08053707
990a4dcf-0ae0-4c7c-aecb-0befda2750f0,extrinsic,0.95103824,0.005691221,0.043270532
966fbb07-328c-4168-831a-57f0a8637ce4,no,0.14208929,0.6888936,0.16901706
1236b9cd-9fb5-4bcd-a44d-e93ca37af51a,intrinsic,0.0030875937,0.00044067387,0.99647176
f2c58e4c-c4f2-4a72-b2c4-90f690334426,no,0.003850422,0.9918406,0.004308983
964a3b3b-9a12-447a-bc33-648782ab271a,extrinsic,0.9657353,0.0018845081,0.032380182
c8d90b13-50e0-4257-a309-8b46daf5ef25,no,0.01248104,0.9759261,0.011592846
30645723-b365-444c-8217-deb8b15ddc72,intrinsic,0.009638983,0.0008566048,0.98950446
048377aa-8f07-4e0f-aa50-ca8ccbbf446e,no,0.016850617,0.9611489,0.022000445
123b6956-2ffb-40b1-82a0-daa1a1f3bf28,intrinsic,0.09394609,0.009509706,0.89654416
0b5a9497-f342-4207-8f45-011310511c05,intrinsic,0.0055502276,0.0039648633,0.99048495
65717d0a-eeb6-4dc8-8427-84a05d55b19c,extrinsic,0.9676798,0.012666762,0.019653486
6eb58340-df56-465f-83fe-f30dd9c7d0aa,intrinsic,0.0024626004,0.0006492101,0.9968882
8abb0374-c0c8-4e83-a73e-c4517cdde72e,extrinsic,0.9598396,0.011004797,0.029155724
7efb39c7-e48c-4af2-9051-d3c3238a1131,extrinsic,0.73107415,0.017873751,0.25105208
a5bbe958-1162-4fa1-88d7-422b0aacf1e9,no,0.006713008,0.98314416,0.0101428665
6836614a-833c-4526-80f4-4b14aaf3c2c4,no,0.005889221,0.9882635,0.005847221
8941f979-4849-4349-9641-d35297adb6cf,no,0.03311052,0.8305516,0.1363378
267d2ece-264c-41dd-94e5-6ef6f65062fd,extrinsic,0.8021095,0.006605801,0.19128463
04adc7bc-cf6f-4c7c-a278-9652d7f036de,intrinsic,0.01758386,0.0007327971,0.9816834
ae5b5ea4-21f6-408c-9147-fc01bb9e27b9,no,0.0033246607,0.9923314,0.0043438734
3b59d561-5798-488b-9dcd-ef490ffac514,no,0.010243792,0.9850063,0.004749985
c12f77b6-bd47-4ed6-bc08-9a13f2ba7792,intrinsic,0.054905526,0.0023837911,0.94271064
84419938-1767-4d62-bb40-4707bfdca642,intrinsic,0.35024938,0.14644068,0.50330997
1791dbd1-8ca6-4a0e-904a-724a49255fe9,intrinsic,0.046479218,0.0020257859,0.951495
6029bde5-af3a-440b-8f74-10e9a7a4c05e,no,0.007423852,0.9648184,0.027757687
64d653b1-e92c-4840-a128-f54ed05d037c,intrinsic,0.10409193,0.0035581747,0.89234984
4558de33-7472-444d-bea6-ccdbff3a6de2,extrinsic,0.9877078,0.00079613185,0.011496049
d0f6ea81-8a68-4812-9679-a6dabe5dd0d4,no,0.006414181,0.9830586,0.010527219
37037054-e56f-4cd0-8e34-c9db53c230ba,no,0.008601405,0.9864867,0.0049119173
cf469b2c-ebea-4de7-bf5c-41cab7487a03,intrinsic,0.035293583,0.0017647607,0.9629416
216a7b8f-c5db-447d-9a9e-2ceb44d07685,no,0.025198942,0.9492277,0.025573272
d0ee8773-3de7-4ee6-8392-2179f611425b,intrinsic,0.07003797,0.0036407672,0.92632127
e292b5b2-cc24-40ab-9493-4683de85e2f7,intrinsic,0.0044328826,0.00067362527,0.99489355
995fccb4-7fdd-4b2d-b24b-738a03ed0bc1,extrinsic,0.9142024,0.006322306,0.079475276
5da45353-6f4f-46d5-99dd-20661f0440ff,intrinsic,0.0032187484,0.0008364558,0.9959448
b5ef29d5-efda-496d-ad70-d0f9ed916c2e,no,0.007902333,0.9822353,0.009862423
f55b01ed-e8c2-44dc-a0a2-c9db4a002468,intrinsic,0.019807154,0.0022105994,0.9779823
2e028c4e-37ba-4c44-9e29-da69b03c6e46,intrinsic,0.19001427,0.0036390563,0.80634665
9238e2c1-d36f-4bf9-a20a-d9d37337ec99,no,0.011636779,0.97967815,0.008685068
105a467b-46f0-4c45-9578-25e3428aa9c2,intrinsic,0.0040100464,0.00057047844,0.9954195
74b41305-0b19-49fa-a88d-874294a0264a,extrinsic,0.5390785,0.14635916,0.31456232
4e9ab1c0-4f92-43f6-aa96-86b20f3b3048,no,0.011880583,0.98253053,0.0055887867
66bfbd09-f776-45ce-a23e-90148a393de4,no,0.049252912,0.85234916,0.098397896
e1196586-6681-4d2e-84bd-ad6579c32884,intrinsic,0.005832063,0.0007030113,0.9934649
26522ae4-6eb8-46b1-8626-ff020482e6b4,intrinsic,0.10609257,0.0008816478,0.89302576
1dd88e1a-7239-4521-ae05-8a2392f8077e,intrinsic,0.15579677,0.0035353778,0.84066784
8971cffb-d826-4652-b584-359e753f4e97,intrinsic,0.005615167,0.00120845,0.9931764
058a5460-369f-4e26-aacb-347805e88cdd,extrinsic,0.9854748,0.002387368,0.01213784
66ca77ac-37e3-4ea3-9db0-b8d098353575,extrinsic,0.8116811,0.002867125,0.1854518
3e0c351f-cc22-4f5e-a500-83f9d8ddc023,extrinsic,0.9602051,0.009380295,0.030414639
c68bf8a3-8a15-4aa5-a017-8612b5c1ecfe,intrinsic,0.035799406,0.0026016373,0.9615989
fded632a-e237-4e45-8bcb-1fdf48ffe887,no,0.009735589,0.962191,0.028073493
8e43be0a-7d0a-4f5e-b9b0-9fc3eb398fdf,no,0.008289706,0.9777974,0.01391285
46e7d9a6-fdfb-4f83-976a-0b21fbbec728,intrinsic,0.2887731,0.0148192635,0.6964077
c0a8040a-9526-411e-8f3d-67d56106b98a,extrinsic,0.8988717,0.0138397105,0.087288626
cdb83bc1-9f4a-4225-98cd-a9cf32623093,no,0.01575106,0.96484137,0.019407524
de6adbe8-cb6d-4da9-9ae7-5fa2686705c4,extrinsic,0.67117137,0.0037979686,0.32503065
aaa62cd9-0f05-4a69-b5e4-1c3d491ac0cb,intrinsic,0.0032198601,0.00058075413,0.9961994
637f6a7e-480a-4730-aae9-63a574f01544,no,0.007208712,0.98641706,0.006374213
2a71802b-f70f-4066-9eee-5a90dc0b61a2,no,0.004139449,0.9912178,0.0046426747
023e3090-4c3f-4d50-a0eb-740a6ae4fddb,intrinsic,0.15295847,0.004549629,0.84249187
3b64010a-d18d-438d-b166-1c9c76e3c958,no,0.008499977,0.98008394,0.01141613
a60d4424-ff46-4879-8e7c-26a71354fb52,intrinsic,0.37949446,0.006190385,0.6143152
a56624fc-a1fa-4314-ba97-95fa96cf03a2,intrinsic,0.15484579,0.0045118527,0.8406424
9a6888ce-dd6a-4e7a-84d0-b20d8fe3c1d8,extrinsic,0.8689253,0.07666935,0.054405436
66c97882-34d3-4ec2-995c-ff0b32cc79c7,intrinsic,0.3460207,0.020524522,0.63345486
45e1e68a-a02a-4589-9676-fba0af3d08b7,no,0.003934068,0.9907437,0.00532221
7ecdd1e9-cc06-4ab0-9b5d-6250b8be3905,intrinsic,0.0039487747,0.0010146729,0.99503654
a4c2ea59-37a9-4613-bffc-2f33d5f92be6,extrinsic,0.89790344,0.015709268,0.08638731
535a1fbd-7ddf-4948-8157-cc157a2a47a8,no,0.025365356,0.94067115,0.033963487
85d58e6c-2e37-44f7-9fbe-225894199b57,no,0.0062990384,0.98716486,0.0065361736
e436450c-4a90-49eb-8cae-e0acddec7f08,extrinsic,0.971678,0.002211029,0.026111014
6b806441-5195-4ad4-8c05-93dfd8cfd9d9,intrinsic,0.008822932,0.00083002384,0.9903471
344de3c8-f629-4933-a03d-fed85ca0617e,intrinsic,0.036087636,0.48181176,0.48210058
0bd34b86-c4f4-4392-bff1-19e4d7bb51c9,intrinsic,0.058293134,0.004908954,0.93679786
d543d712-98b0-45d2-8a71-15d4ce773bc5,extrinsic,0.8650198,0.02117561,0.113804646
1ae79028-9872-454e-ba52-7098710b5c7a,extrinsic,0.91126204,0.022212025,0.066526
b53b9124-488b-42a6-9e88-4117bec44003,no,0.08639157,0.5819721,0.3316363
b08a59a1-9d5c-4fff-b13e-9039fd7df30a,extrinsic,0.884098,0.025091317,0.090810664
80d1f691-1252-4d4a-94c0-98cbe0b8d9ad,intrinsic,0.037820518,0.0012870986,0.9608924
5fa5c600-3c21-4959-9560-529dad644d8f,intrinsic,0.024471356,0.002108791,0.97341985
7d032c4e-0b5c-441d-b0b8-2c5e9d64e0fc,no,0.008603917,0.98015976,0.011236365
b6900788-7345-49c1-a93b-4f330cb3ef5d,extrinsic,0.87363124,0.0048398203,0.12152894
2b4be479-27be-4679-9263-b98b221ff3cd,no,0.009945155,0.9661715,0.023883343
d2ae9d55-9735-46cf-853b-ec9a41826b54,no,0.03327835,0.95181584,0.014905809
10baa31d-465a-47e1-88e6-e8c08a897282,extrinsic,0.8232143,0.005787494,0.17099825
f1a8615c-017e-4979-8c30-76351b89b0a3,intrinsic,0.034477238,0.0020622022,0.9634605
d83526fb-d4cc-455b-8084-ed35c3d15b53,intrinsic,0.09963072,0.4378906,0.46247867
fa8eb7ca-2f96-40a8-a4d7-9b4b9afbc718,intrinsic,0.004385936,0.0007083553,0.9949057
b36d5bab-c7dc-4ebf-b976-4b3181c1ba88,intrinsic,0.0055898703,0.007289863,0.9871202
812771bf-da24-4611-841c-6db93c2fc648,no,0.011580168,0.9727748,0.015644988
77ec74a8-827f-4a0c-a9be-40a5c4ebe148,intrinsic,0.07766824,0.004070147,0.9182616
9d459abd-c291-41bb-8f89-2e08563512c4,intrinsic,0.20646386,0.16427518,0.62926096
f61a0b58-efa8-436a-8a4b-4348c8d7acc6,no,0.0057240087,0.98907197,0.005204056
0c994d35-ca7f-4c19-a65a-38f245f75643,no,0.009137023,0.9725824,0.018280488
38fdf4ad-77dc-4a78-b7d7-66ccf2cbd999,intrinsic,0.009744235,0.0011420104,0.9891137
4cc0338e-0b01-4c78-b687-0f7ec23cd7cd,extrinsic,0.9621393,0.002487537,0.035373177
1ce936c9-f9e1-424f-8393-75f1bedf7f6b,no,0.013844864,0.97399694,0.01215816
15afa1f8-6db9-4ff5-bee3-533aca8a8443,no,0.0053713755,0.98983103,0.004797599
89a01dbd-b724-4dbd-bd5a-e9f136f2b650,extrinsic,0.96609503,0.0018498552,0.032055173
a1725d6b-65f6-4208-ba75-344d1c51133a,no,0.14911486,0.8114852,0.039399985
ea34fc37-5475-4306-bf34-734b16d13e23,extrinsic,0.98624474,0.00075721013,0.012998072
15fe21ae-f101-4698-92e6-6ce4fea9a5e8,extrinsic,0.94546396,0.0026671262,0.051868945
3affe973-cc65-43a5-87b0-4bbfc069a63c,extrinsic,0.9753786,0.0026597972,0.021961616
3960ef99-e997-4199-a377-13eece7eaa98,no,0.008048639,0.97825897,0.013692462
ca620604-bfc1-4bb6-ae04-18539b7c5d19,intrinsic,0.009858905,0.0068084043,0.98333275
36a5d8a7-516b-482c-8a1d-d72220be71b4,intrinsic,0.004714036,0.0010255001,0.99426043
e40ae96c-6b4f-48fb-9248-7290df8f34f5,extrinsic,0.90064174,0.00332899,0.09602931
e9b3b01c-ab52-4047-8adc-8c826e180b18,intrinsic,0.021445641,0.0013936142,0.9771607
b58ca443-c199-4c05-abce-e53cf473effd,intrinsic,0.013639788,0.0008836648,0.98547655
d9a10f8f-e596-4cc3-b7a8-2487af2cc2f8,extrinsic,0.96000355,0.01008055,0.029915828
2395308b-a0dd-4aae-9730-456ec781f713,no,0.007682764,0.9793315,0.012985657
3967ee09-3ae0-4f5f-86f2-d4d5b5af94ed,intrinsic,0.0028849966,0.0020981713,0.9950169
10c49582-2115-4263-a045-7bc6e4020af2,no,0.0035761814,0.9920678,0.0043559554
64755fdc-1fbf-4b3e-bf54-d4cea33b776d,extrinsic,0.9671682,0.010581927,0.02224979
4750eef5-c041-4fae-9bbb-0f7777483a2c,no,0.019045463,0.9309828,0.049971644
b3a113b2-6489-4e1b-9eb8-38f4fa0ebdf8,extrinsic,0.8435367,0.011732312,0.14473094
caca0fe8-1800-48ef-bddd-df2996896672,no,0.0076397,0.98323387,0.009126462
f00fab66-d616-478b-b545-653d04301777,intrinsic,0.3879272,0.034953263,0.5771195
cda2124a-650f-4a44-97b6-ad7494b7f6c3,extrinsic,0.8712051,0.06638854,0.062406406
2877fdd7-2254-4b05-b1bf-0d5f06161859,extrinsic,0.8311654,0.024333602,0.14450103
592c540b-88cd-4051-b1b6-41b163e0e5cd,extrinsic,0.9604683,0.0040565417,0.035475176
5ce0d6ab-81e1-4669-bd80-5877277b631c,no,0.03849861,0.8993954,0.062105972
6cd26e41-c7ae-4d95-8c94-d76d83c990a9,intrinsic,0.03806132,0.45607284,0.5058658
e7cb621a-909e-4143-a9f0-feca44254c81,intrinsic,0.21093778,0.015179324,0.77388287
0a4a3999-68d4-4940-b224-0c47f4da0005,extrinsic,0.96411276,0.018860387,0.017026797
64d1de9c-c607-4825-9f02-9c26df3403fe,intrinsic,0.026673952,0.00081836863,0.97250766
2f349395-f3f5-4088-b99a-af943b4123fb,intrinsic,0.009075324,0.0023879234,0.9885367
ae43bb8b-96a3-4d0d-8281-67cb6ec2fa01,intrinsic,0.13371046,0.026531091,0.8397584
f884575d-9cd8-4a90-8ad7-9fbdf6a7f0a7,extrinsic,0.90755373,0.006345681,0.08610055
c5a4aa25-a2aa-4226-b438-e1fc6d4baf77,intrinsic,0.007827286,0.0010780953,0.9910946
95f6dd8b-918d-48d0-8588-7fb16edf0ea6,no,0.0063902056,0.98692477,0.006685013
ce90d984-1c19-4e63-9d1f-abf7c8a93a6d,intrinsic,0.17392159,0.063403204,0.76267517
4944aa3f-ef19-45b4-a854-80ebcb26969a,extrinsic,0.92379296,0.015165243,0.06104179
c843f423-6f87-4bbe-8fe9-19db3235914f,intrinsic,0.47277424,0.0033954978,0.52383024
207e4a1c-9d1e-4a1a-93a5-09d8e303931f,intrinsic,0.0065381713,0.0010393244,0.9924225
ac43fa73-72e4-400b-85e6-51d1149a07de,intrinsic,0.00882754,0.0010642321,0.99010825
d8c59641-073e-4ee2-b4f0-6bb8c38eecec,intrinsic,0.0043228627,0.0014741403,0.99420303
e703501d-8560-4570-89af-bd2b279eb092,extrinsic,0.97753215,0.00839767,0.014070147
72974e1c-12cb-4888-b75b-4bf4429ab0f2,intrinsic,0.010854741,0.0015861696,0.987559
2c7a43f1-899c-40ab-a76b-d48c707ee12f,no,0.0684523,0.89996105,0.03158669
5605368f-bbf4-4252-a9e2-45de2048cd2b,intrinsic,0.41135496,0.0053942497,0.5832508
878c8c82-ffd6-4660-8b3b-22cab46741ad,intrinsic,0.009668352,0.00074964564,0.98958194
d8c67826-f75f-4934-9a17-76f50ea0edae,extrinsic,0.7729885,0.19538699,0.0316245
75282bf4-9e2b-45ad-a3ef-e3d86f899d54,extrinsic,0.95938367,0.021147281,0.019469129
a2d52655-620c-4b01-8e75-c87aed6cfce1,intrinsic,0.26238942,0.006837115,0.7307735
7c0426b4-a353-4e90-b7b9-e232358f8b6a,extrinsic,0.98576885,0.00056687323,0.013664272
bf41594e-9567-43b0-82d8-951028b9aab0,no,0.0042599337,0.9890998,0.0066401917
4412882e-b670-4470-bb4e-c7115f846cbe,no,0.010141411,0.9801446,0.009713931
c8e12207-f46b-43a1-a2ed-285044af867c,extrinsic,0.80851346,0.061433524,0.13005301
3e5a255d-c0c7-4810-8d8d-404bfaab2178,extrinsic,0.93722665,0.0038990323,0.05887428
d3b7a1da-fe46-42e8-a963-391bae49dbb6,no,0.020233784,0.81038886,0.16937734
d49e4dfa-d876-447f-a3b5-486dc5f226cc,intrinsic,0.011902065,0.0012220861,0.9868759
e6b58394-8a17-49e5-a45a-97aa2ca3693b,extrinsic,0.8981,0.040829092,0.061070837
49dfa20a-f185-4c56-9db7-05a6e52c7e37,no,0.0076064216,0.98728496,0.005108605
7889f749-fea6-48a3-93b8-a2d3843c0f42,intrinsic,0.4025925,0.0037116655,0.59369576
d408ba55-7432-4f1c-8610-6c9fef9e1ff0,no,0.013964935,0.967256,0.018779038
0de7e8a2-e4c3-44f2-ad71-a0c4a7850780,no,0.0092611285,0.97416943,0.016569434
8adbc614-2d2e-4666-bbe8-3a42131b7081,intrinsic,0.017806215,0.000844156,0.98134965
fdebb101-55d4-44e3-bb1a-7bd63bb51a7c,intrinsic,0.002583057,0.00072878064,0.9966882
10acf6f1-a499-4def-b62a-3e76e2be63e2,intrinsic,0.004667835,0.0012656337,0.9940665
337ea4c5-0c7d-4eec-8c7d-38d334c8c34d,intrinsic,0.003960788,0.0013583731,0.9946808
597d0f49-ea4c-4d6f-964e-20fc02d02bee,extrinsic,0.8291762,0.1269371,0.043886703
5892629a-077b-4844-8928-f9acbbe879f7,extrinsic,0.5228489,0.4148729,0.06227813
32905746-b0cb-465d-8d30-0fe29bf8f20b,no,0.0054484685,0.9877242,0.0068273665
db1cec72-fc38-44fe-9d99-4ce7bee44c6a,extrinsic,0.9935056,0.0016992565,0.004795074
ee9b3d77-4883-4413-bb29-cf7c79d25a49,no,0.0047799787,0.98876745,0.006452568
804335f4-c3e6-4d42-aaaf-11ec1c544b24,no,0.006286266,0.9882246,0.0054891706
3e5b233d-88dc-467c-89c2-8b23a115b0b6,intrinsic,0.12419239,0.006373202,0.8694345
dfb07fd3-271c-42c0-9c81-7c53ff9d3234,intrinsic,0.0060419426,0.0010859355,0.9928722
79c604b4-e80b-42ac-901a-b56535bc3f08,intrinsic,0.07974876,0.14924523,0.77100605
08348a37-8fa4-4ac2-8b3e-aec11cb79a0e,no,0.039379116,0.90770507,0.05291583
abc1dbe3-b4d8-46ef-bed3-4f7b9eb3ecd4,intrinsic,0.12508725,0.042316902,0.8325958
d390f006-ccc9-4cb6-97f9-f4b68a0ec1fc,no,0.067626715,0.5573218,0.37505153
8614be72-1597-42e0-94ca-4d429255cb34,extrinsic,0.98408616,0.0010576956,0.014856161
3bbc6831-c824-4e00-93d3-36e497a8cfab,extrinsic,0.95225257,0.004540344,0.04320706
54820b6d-e85d-4eba-a178-1235cef95271,intrinsic,0.39375263,0.005332365,0.60091496
c99da6f3-b88f-42b9-9f5e-045ced24091d,intrinsic,0.031379454,0.003290532,0.96533006
ce72ddbc-252c-4c79-843e-c6aa8cea9093,intrinsic,0.019772874,0.0010997747,0.97912735
2c6812ce-3666-4c6e-8a0e-21d025c4dc95,no,0.31449935,0.47717968,0.20832098
981d905b-c5c2-46c4-b9ed-790a04ff95c1,intrinsic,0.014314321,0.00077700865,0.9849087
5258943f-b2e7-4198-b967-b18c2756b6df,extrinsic,0.9841382,0.0024755825,0.01338632
0824b90b-85f1-43fc-8081-b459362782f2,intrinsic,0.0047938353,0.0011914923,0.9940147
7c89a2c7-7224-4801-be15-56458066565e,no,0.043289557,0.85658514,0.100125276
39dec88e-e870-4a4e-ad6b-b745ceabb613,extrinsic,0.9822558,0.003064973,0.014679257
e666de37-a388-4f11-ae07-007a803b93e2,no,0.006583445,0.9828843,0.010532205
b7b514e6-0d9d-4a4c-9bc6-c946a1a4aff2,intrinsic,0.010947612,0.0008533203,0.988199
ea10b65c-0320-4e88-b01f-c7640046e34f,extrinsic,0.72436816,0.010820643,0.26481125
f2e625ef-9a65-4287-9e48-c35f549d4749,no,0.0056945058,0.98772347,0.006582016
5acfca79-b435-4b78-aef6-accd0d02ecc8,intrinsic,0.16271615,0.09221037,0.7450735
509a45cb-d036-4dcc-8648-7e843e339e7a,extrinsic,0.9927118,0.00051045476,0.006777871
be2d08cb-c9f6-491b-9ece-b2cf3554b0a2,no,0.09293476,0.72517306,0.18189225
3f7f35d9-2264-4500-a384-f0b275e0396b,no,0.0064011193,0.98804575,0.0055531505
6237a2cd-0a72-40f2-a20b-bfd4c89dcd24,extrinsic,0.8916956,0.007896351,0.10040798
fa6a1e70-6cc3-44b3-8e9d-d405400a52a4,extrinsic,0.9954201,0.00020456212,0.004375354
1a2aa8c9-ab02-463d-b5c6-80996147a58d,no,0.011147877,0.9827727,0.006079384
eb96bf86-b988-49af-9518-88fd316cf3e8,no,0.009826299,0.981639,0.008534607
d3ce81fe-f25e-4f3d-97de-a22635a158be,intrinsic,0.4592487,0.034463204,0.50628805
c171ac96-d63e-40a0-a1c6-c8b6eec42122,extrinsic,0.98529935,0.00048091303,0.014219791
bb427409-1725-4d07-b357-67eb24ade123,intrinsic,0.26392162,0.01791855,0.7181598
690832d6-0e3b-445c-8797-fe462ab88893,intrinsic,0.0043113404,0.00061544875,0.99507314
eb032f8e-9d22-4761-a260-f780667677de,no,0.05304337,0.9286683,0.018288264
232e1607-0263-4f1a-ac02-efb50f76535c,intrinsic,0.005339914,0.001783224,0.9928768
c5152040-3c52-4bf3-a146-a90e9bbd57d0,no,0.043283504,0.6944888,0.2622277
d14e2d0b-340c-4eda-9062-f72c6e8fd48d,intrinsic,0.005497579,0.000891739,0.9936107
ca838d44-bb12-42e4-8a7b-fb9875a76086,no,0.0061947643,0.98628277,0.0075224806
ec8f6abb-c611-4937-8167-3210af623caf,intrinsic,0.00493148,0.00089971296,0.99416876
3a27a067-69a3-4c63-8003-f571cbb84d5d,no,0.026179573,0.61876106,0.35505942
6ad33196-c488-4d6f-8cec-3775a119085d,intrinsic,0.07753262,0.0329757,0.8894916
effe586d-bc54-4e3f-99df-38e5accb1d9a,intrinsic,0.023811288,0.007773197,0.9684155
da4bd2c4-67a9-4677-a231-7287f86b3061,extrinsic,0.96400374,0.0062460853,0.029750276
165ece75-7d72-42d1-8792-c0dab4d12bd7,extrinsic,0.7528574,0.22870988,0.01843272
8a9c654d-7fac-4f98-9e1f-5564bb6be5ec,no,0.054990605,0.5567676,0.38824183
7abf7656-ca71-4d6f-ba13-2d4e73a0e058,no,0.007996769,0.9830754,0.0089277765
5df3f2a3-4dcd-4ff2-96e5-3741668e880d,extrinsic,0.9620615,0.002421267,0.03551725
f8fa0a33-b326-4d42-9dc8-af273da3b84d,extrinsic,0.9212576,0.0023702264,0.076372236
7a5d86cf-eb29-4a98-b085-d763411a4787,extrinsic,0.9390053,0.014175893,0.04681879
3bd2c0eb-a9f4-42c6-8d79-8eb4e2638f87,no,0.027383946,0.8650227,0.107593365
a2a0e7d5-b85f-4530-a651-dfcb335c4d4b,intrinsic,0.0052201054,0.001277099,0.9935028
6d037cb6-25b4-46ca-bd08-4d0e11b0f272,intrinsic,0.031250663,0.0024892974,0.9662601
9dbc4b3c-8adb-4330-b98c-d236f0fd1df4,no,0.0032615247,0.9925782,0.004160296
8506e9d1-3dc6-466f-9831-1036bb99235d,intrinsic,0.0073315427,0.0074985586,0.9851698
f0d1a417-25ab-4ddc-be39-ae16770c3baa,intrinsic,0.06401263,0.040811088,0.89517623
899039ca-1ef5-45da-89a0-b749ccd3f5be,no,0.30716684,0.48849106,0.20434204
c0a94c69-0868-4350-b032-4d292ae8a8b0,extrinsic,0.9492711,0.009590297,0.041138645
32841e78-2523-4dc5-bde6-f0925bc332ea,intrinsic,0.25811687,0.0045169303,0.7373662
d0186330-70cb-4bb8-af1b-90b151387720,no,0.0061497767,0.9753043,0.018545967
e9d63e74-9c2e-4a3b-be23-d35c9dd80be7,intrinsic,0.010959878,0.0011895717,0.9878506
d14d4b04-57f4-420f-a22c-b36ba361dca6,no,0.012285145,0.9667786,0.020936215
94ab2000-d3d4-4cda-953c-0414dfc02a3f,intrinsic,0.0051452997,0.0024467306,0.9924079
7a0066e9-8848-4fd9-ae2e-6c0f38813b57,extrinsic,0.9702172,0.0035564539,0.026226198
da2a37c0-8a09-4ded-a01a-2164bd4bbae0,extrinsic,0.8800207,0.010479855,0.109499454
125d2073-55f5-4945-a0fd-acc7d00f7048,intrinsic,0.10781219,0.027571313,0.8646165
245a04ca-a4ff-4ae9-b8b6-9479668595a3,no,0.0046683075,0.98984236,0.0054894043
ddfdddda-796b-4034-8b1f-3565268d7884,no,0.06686287,0.78419,0.1489472
183d7dcf-d840-442a-9d1b-d676a4eb1fce,extrinsic,0.8538746,0.008234798,0.13789056
60b6e773-8382-476c-8b78-aa72b3ffa448,extrinsic,0.8082797,0.0746799,0.11704039
347025c1-8be8-4b89-a1ef-e0ef0b01b650,intrinsic,0.046740916,0.32748714,0.62577194
cfd8baae-ea4a-47dd-b05a-8704bb98fd7f,intrinsic,0.48702785,0.009817855,0.5031543
d8d77b2d-f7f4-45b8-a82c-f90331231998,extrinsic,0.5358132,0.44042537,0.023761434
de19f048-4c97-4723-bd79-91326fbdc9a2,no,0.014798018,0.9629553,0.022246704
99a4b50f-7421-4ae1-b993-449a2ca2fd20,no,0.0067945207,0.986113,0.0070925113
99ceb64e-d1de-4910-91c6-dc02094122d4,extrinsic,0.98524714,0.0008964696,0.013856379
be184e2b-895a-4845-a1ee-789a38a13388,extrinsic,0.88071364,0.06749665,0.051789694
cb33ad79-6848-4a67-9acd-ebe92198d1fe,extrinsic,0.9563761,0.0009199075,0.04270398
bd58e462-3641-49b8-8483-3c2876eac890,extrinsic,0.9681934,0.0010145728,0.030792018
58ac2b23-8020-41a2-abd1-7540197a4b62,extrinsic,0.96594954,0.00096588535,0.03308464
bca112a7-ead4-4822-9858-56456833eca7,extrinsic,0.94426507,0.0130347535,0.04270022
8756efb0-68cc-486d-889b-750e34586ef1,intrinsic,0.008995572,0.0013904003,0.98961407
d4969aca-8880-4cd6-82b1-9d6dfc8be37e,no,0.034998246,0.87578934,0.089212485
9ecf44d4-25b5-46c7-96cc-143c9867c601,intrinsic,0.003426934,0.00064459484,0.99592847
3002d24b-3a40-46d1-a404-60633b0d6cad,intrinsic,0.10039647,0.37355852,0.526045
188b16ef-5eb0-4f45-8247-cd8f6e04a6fc,intrinsic,0.0050188163,0.0007985255,0.99418265
10f9e74b-ddd1-4bc4-a7f0-7497b9a66a98,no,0.004394581,0.98891526,0.0066901
1eeb53dc-b4b5-4e4a-ac6d-433f661dd0fc,intrinsic,0.013949414,0.0015193766,0.9845313
73959e1b-62b0-46fe-9fb5-3b8bd5ab5f9e,extrinsic,0.58776003,0.008975857,0.4032641
e4aa92e2-7614-49b2-81b9-1c95be777a6a,no,0.008189872,0.9812526,0.010557526
2d602b17-aecc-4a19-9f60-1ad01449e3b9,no,0.005573075,0.99078923,0.0036377474
701a7b84-2cb9-4f47-80ba-9b17e21d0af8,extrinsic,0.80712533,0.017094165,0.17578048
7ce75ade-1ec5-4de1-9cba-35bfd2cd5b84,intrinsic,0.13261323,0.043475278,0.8239115
b5ac953e-5c23-4066-b6ed-c127fe2fa409,no,0.0027918392,0.9927377,0.0044704005
21995e0a-03de-4bd9-ae46-fbaac42cdc0f,no,0.011193882,0.9775898,0.011216317
32c63e29-1b13-404d-a3f9-16c4b4f28169,no,0.008639349,0.98345727,0.007903397
bcbd9474-2eb3-4e98-ba43-36bf25f6651a,extrinsic,0.8720902,0.073052384,0.054857302
6cc06db4-28a2-4aff-ae73-945803ea7af4,intrinsic,0.07788575,0.0059213853,0.9161929
d20976ac-ba51-42c9-b22c-9257e1a5fd8b,extrinsic,0.5651824,0.23365857,0.20115899
c00022c4-9d3f-4dab-9b8b-7a0800a46b26,extrinsic,0.6482327,0.01750283,0.33426458
86605012-5268-4f05-b5c5-389e4d2efd67,intrinsic,0.036161456,0.03002302,0.93381554
1d59ffb0-caee-4b20-a4f2-dcee67dc3abf,intrinsic,0.16612287,0.03781705,0.7960601
547f18c5-b543-4d20-85cc-a1159487ff0f,extrinsic,0.97328013,0.002591125,0.024128746
76e2af55-54de-406a-a4db-3921caf23b57,intrinsic,0.0044192993,0.0006397755,0.994941
0864cfd8-c8f1-4dcb-8fef-5e3901a657d7,no,0.026439201,0.95132536,0.022235438
ce317d6e-5b33-4d90-b611-8180c319fd74,no,0.04423636,0.7123774,0.24338621
f133e7e0-b234-4d8f-9903-0b71efdfff33,extrinsic,0.9630286,0.0043449383,0.032626487
af2c5f9d-c318-42d7-bb9a-c046ef87be6a,no,0.026748186,0.92631555,0.046936244
ce846fcb-cfac-4ecc-bf9d-693f34896ccf,intrinsic,0.04743769,0.0040308125,0.9485315
8bb6c4e5-13a7-4cd1-8328-f0e6f7a3f53a,no,0.0049929507,0.98776746,0.007239529
ff2b402c-adfd-4191-be88-ffa6994b5c35,intrinsic,0.2499419,0.007902294,0.7421558
91511518-b597-474e-be49-3ca9e5dc8eed,intrinsic,0.01655621,0.005255375,0.9781884
98aad28f-c61d-4b4f-9995-14e5020355f1,intrinsic,0.016385958,0.0008274176,0.98278666
aadbe138-59ae-4e98-852a-ea833b960478,extrinsic,0.9619684,0.005343968,0.032687545
44fb62cf-5fab-4715-ac1e-c77695a24760,extrinsic,0.97901046,0.0020541535,0.018935377
206de598-9418-45b6-a87a-a71228a8aa41,no,0.010011747,0.9767801,0.01320821
1e2349d5-a208-409d-aedb-5e06b15bec05,extrinsic,0.9703931,0.0015927919,0.028014043
ee5dd72f-8de5-405a-b9ce-92c035127849,no,0.050226957,0.500066,0.4497071
66cf7b59-956c-46de-af49-1c25ed8e5aef,extrinsic,0.52717227,0.029334938,0.44349274
e8393890-3416-4e9b-b24e-65692df8e1c6,no,0.4544272,0.4571015,0.08847133
8e175e97-b9b7-4f2e-b211-d3b146840340,no,0.013991092,0.9644818,0.021527158
1fa631af-b45b-4784-98dd-1dbb6baca179,extrinsic,0.9164991,0.02432573,0.05917518
805d5f4d-f268-400a-be7d-c47dcb3b5e8f,extrinsic,0.991855,0.00112233,0.007022665
464a89e1-edaf-495b-b667-b88691f40ece,no,0.048082326,0.71844226,0.23347545
a9d9625e-dc84-4b62-b957-c881a4e736da,extrinsic,0.9090967,0.0037810921,0.08712216
65670ffa-3574-421f-8040-e5fa0b9a3aa0,no,0.064239,0.817976,0.11778494
8a835eb9-e081-40f1-9adf-b609d755d378,extrinsic,0.83302474,0.007909301,0.15906604
c904a6c6-3cd1-4615-a30f-edaee4ae6d9c,extrinsic,0.95056856,0.008413182,0.041018255
ea0f7a4d-69c8-4430-bd55-3b58b1399052,no,0.009621968,0.9791195,0.0112586105
b8733a1b-d451-4d62-b2b3-f3c0cfb51fbc,no,0.005160741,0.9870328,0.0078065377
15b89d18-69c7-473f-b8fe-d9d7f8be91b9,intrinsic,0.0058481423,0.0016377942,0.9925141
d651b9e0-cd65-4ba6-a8cc-ae3df1412081,no,0.015035207,0.96605307,0.018911704
ee2dcead-d5d9-4337-9afc-e3829103aafb,extrinsic,0.9716878,0.0041696364,0.024142513
aa596b7d-5e38-4b55-bc32-88816b620ff3,intrinsic,0.0079857735,0.0037544107,0.9882598
72ae4e8d-2eb2-499b-8341-e7d606b9a104,no,0.008237918,0.9776638,0.014098283
65880d56-f0b4-4224-871a-9a19bc5b5b17,extrinsic,0.834233,0.009797906,0.15596911
b56c4aa5-a71d-4c7d-9e1d-fc68e32b47c4,extrinsic,0.93669516,0.006767912,0.056537006
48db8ad2-94a4-4908-9c8c-f138d834a269,intrinsic,0.28269386,0.0058667804,0.7114393
3d53b7ab-333f-4736-97f0-a96138a06c55,no,0.029481662,0.95315796,0.01736034
74c4116a-3894-49d5-acee-d28aeb1bf808,no,0.018354217,0.96636534,0.015280441
0e1ba749-aa2d-4048-b57c-e320397e7f16,no,0.03370052,0.8157786,0.15052088
da3f8668-2fad-4266-82ba-ab2270b588e7,no,0.0097135585,0.97579634,0.014490119
d38cc6dd-fa1b-4992-b910-4119d93e49bc,no,0.015342013,0.96107364,0.023584375
65ae6e3f-bd0d-4ef1-9e43-fb5801a01f19,intrinsic,0.012462998,0.0024229963,0.985114
af2594de-b397-441f-b361-00b3924631ed,intrinsic,0.045737572,0.0029641753,0.95129824
d64b3ade-f79d-47ae-b4a5-e9a3603ff130,intrinsic,0.012862239,0.0022103614,0.9849274
f331a23f-9fee-4d06-970a-829d695f9aa8,extrinsic,0.9809545,0.0017153706,0.017330082
2bb6a579-0487-40a4-955c-7c052d175b1b,extrinsic,0.9461188,0.0034873511,0.0503939
39d44489-c7af-4055-a5ff-7f9443bc4126,extrinsic,0.64725167,0.058544982,0.29420337
b31bfb8e-5e6a-46a9-b4f2-0d6301583e85,no,0.012482886,0.9739304,0.013586684
19bf8e6b-3702-4c5f-af1f-2b7a65e69a5f,no,0.048597,0.9335515,0.017851524
3055ea5c-3e7d-4fbc-b119-fd020c40edee,extrinsic,0.98802865,0.0016641846,0.010307219
c1cde077-4740-40b6-aa40-816712621fbf,intrinsic,0.09153625,0.0016093319,0.9068544
4a778ecd-9aa9-421d-86b4-240e26280353,no,0.008891598,0.9787763,0.012332096
b10230a4-8d4b-48f4-91d4-a67d9b0c1c98,intrinsic,0.008305309,0.002953052,0.9887417
c48c25b7-1ac8-4ec8-9847-b527492f65fa,no,0.009604591,0.9765686,0.013826814
c9a7be6f-355e-4917-a8cb-e3386f569b4b,intrinsic,0.0037138637,0.0014790957,0.99480706
7c22a846-1ed0-4f15-8abf-86ed93455b34,intrinsic,0.0051203086,0.0007700085,0.99410975
70668a1d-bc7b-4783-abeb-1c808ea7d5ef,extrinsic,0.9857838,0.0017629266,0.012453205
86803aa9-f544-4833-8eee-0db17530c8f2,no,0.20297243,0.7334528,0.06357473
4435471c-98a8-4c82-a5a1-774bc4df5491,intrinsic,0.09957929,0.0019134528,0.89850724
b2c3645d-c70a-4114-8bb4-afebed881c00,intrinsic,0.074211374,0.0017332772,0.9240554
90237448-f2e6-473e-9bb8-2104b313815e,no,0.041625615,0.900994,0.057380386
6d212739-74b7-444f-a2f1-e636b1e96bf6,no,0.015964458,0.9697757,0.014259898
d058ac5b-2763-4d2c-a4da-5a3ace0b6710,intrinsic,0.0021967639,0.0009068819,0.9968964
74fa0f63-f450-4f37-ab10-5c410797db01,intrinsic,0.05637987,0.00083252415,0.9427876
7b19ceb7-6bc4-44df-8784-31ea299ad531,no,0.0067172786,0.97958905,0.01369364
bdc2e905-7c49-4c90-bc86-e18f580ba74d,intrinsic,0.060218707,0.00083332235,0.938948
d2c76984-9ab9-43c7-b91c-0503e8152e54,extrinsic,0.9831814,0.0019479943,0.014870698
63d86793-e531-40d0-a861-d14c44526eb3,intrinsic,0.26449025,0.010487096,0.7250227
45468c88-e901-44a3-8962-b339095a502a,intrinsic,0.059840314,0.0015343312,0.93862534
afc834c9-0668-4f5b-aeb5-8596fb018d31,extrinsic,0.9553429,0.00876083,0.035896376
997d6844-0dc0-446f-bb51-a8199749fbe5,no,0.020036735,0.96413213,0.015831213
52d158fc-3ba6-405e-970e-8894ade4f1dd,intrinsic,0.14699152,0.06055296,0.79245555
52c77165-5d39-4ac9-a997-548bd3f1927f,intrinsic,0.012510047,0.00085669145,0.9866333
21a0d564-ce6a-40fa-a84c-aeb5ebe11878,no,0.007308138,0.9860583,0.006633546
60671835-01da-4004-a805-865a14e33e8b,extrinsic,0.90811145,0.0017820284,0.09010651
5c978b90-5c9d-4350-8ef4-b5096326c419,extrinsic,0.7090003,0.011057805,0.2799419
16c9914f-9484-4ca4-b631-aaf00871c4d8,intrinsic,0.009196811,0.00049606996,0.9903071
5ede5384-3356-46cb-9bcf-8fbe4f49270a,intrinsic,0.005604231,0.00080268976,0.99359304
ed0433fe-4317-4ce9-9c56-9535b2aa056c,intrinsic,0.08456616,0.20965433,0.7057795
64af8e8c-390f-4236-a2ea-62e8333f5857,no,0.007345578,0.9851938,0.0074606244
cb25604b-6d79-4042-8965-e51f8fdf5f25,intrinsic,0.18932427,0.002858483,0.8078173
6557db59-9cf2-422b-8d9f-56bd4d0cd1b1,intrinsic,0.04320118,0.42021868,0.53658015
564a060c-44b5-4cf1-86b6-de981377adc5,extrinsic,0.93721503,0.0049300417,0.05785482
c85e4dda-ccac-451a-8b07-a3a736598c7d,intrinsic,0.015946321,0.0017702418,0.9822834
bb38efda-e235-4ca4-aeb0-407a5a320639,intrinsic,0.06349637,0.0021240234,0.93437964
386616a6-08c0-4ec1-93c2-b6db20d38505,intrinsic,0.009856519,0.0015958428,0.9885477
2fe487ab-f8cd-4666-a6bb-a9c39345eeb9,extrinsic,0.686801,0.002613501,0.31058556
186dbd22-b0b9-4f17-862e-dce383045015,no,0.0070372582,0.9863013,0.00666142
24b74ac1-00e3-4cd1-a098-147f50fc2c07,intrinsic,0.12437219,0.27958804,0.5960398
1089cee5-307a-4819-89ef-4bd79ecd2f6e,extrinsic,0.9076592,0.006565352,0.085775495
2cbbe9ff-aff8-4a96-860a-cedfa96acb2f,intrinsic,0.12832794,0.0053841337,0.8662879
ad91e1f1-6d5f-4921-87ae-25a74fdc8f23,extrinsic,0.95143694,0.008277917,0.040285144
2c7bbc1a-c170-43f0-a49d-243f4961dc0f,intrinsic,0.0034066653,0.0005235942,0.9960698
754eb1cb-2da0-4ffe-9033-666a89f25271,extrinsic,0.86576235,0.0061085136,0.12812915
d8caeb9d-bd1b-4d71-a147-49a6dfa7506e,intrinsic,0.04605376,0.0024091112,0.9515372
b6540518-d051-48c4-a6f7-80957d168939,extrinsic,0.80215263,0.058229424,0.13961796
1567d1b6-9234-4f04-8453-2269d2d11f89,intrinsic,0.004732338,0.00075202854,0.9945156
6f182ad1-1e66-4b45-84e6-c2b1481c42e0,no,0.013921269,0.95109665,0.034982014
e2fd80dd-dfae-48f0-aabd-d7b6097e1f3a,no,0.11061963,0.7500348,0.13934562
73c6a156-e099-4aad-85b8-c0501e5839a6,intrinsic,0.019379847,0.04690874,0.9337114
9f8a57d6-a3ee-40f7-84ea-62c8257a27a0,intrinsic,0.36485523,0.008565652,0.62657917
ab159190-055c-43af-951f-cc178fa60324,extrinsic,0.88672245,0.009959862,0.10331763
32bfb541-fef6-4b4f-af6f-78154473bc73,intrinsic,0.05391351,0.004543048,0.94154346
e16e6c61-17b8-4ae5-94fd-030d64de8374,intrinsic,0.026804652,0.0015576403,0.9716377
d3686e4b-2c1a-4617-ab65-973ed45cf6e0,no,0.005628253,0.98701847,0.007353276
64c49caa-4ea7-4af7-975b-f06605cb02cc,intrinsic,0.10445034,0.08102672,0.8145229
8402efb1-ccbe-417d-a152-f5558d99a27c,no,0.013517761,0.96750915,0.018973129
13cbca94-28b9-4fc4-ab86-e2b519206e4a,extrinsic,0.97679853,0.003876721,0.019324753
7f7fe80d-5eb4-44e4-b48b-db8dcfe09cd6,no,0.015801867,0.9634974,0.020700723
5952685c-bfad-4efb-9f52-3291a7a88a4f,no,0.018586062,0.95723236,0.024181616
75f4f5f9-c3f5-4f90-b945-5df32f22636d,intrinsic,0.0051077628,0.0007587108,0.99413353
a59d6c54-3d08-42a1-8657-355b747308f2,extrinsic,0.6270088,0.11115428,0.26183692
2f5bf0e7-ce05-4496-bdc8-9ba72a13a425,extrinsic,0.9883654,0.0012639553,0.010370582
0364d399-f246-4059-a5a3-c6a1d3edca3e,no,0.011545395,0.9758625,0.012592075
a11b47d4-a798-44dd-87bf-0c9eb74f38ff,intrinsic,0.014020062,0.0090189045,0.9769611
d356dd8d-4b08-4d4a-b254-0552befa8531,intrinsic,0.034480322,0.072473444,0.8930462
df653a40-d2c6-454b-aee0-a8a2157ee7b2,intrinsic,0.0061671785,0.0020788745,0.99175394
d0b5d47b-f843-4f8c-b408-650ea3c86910,intrinsic,0.24199088,0.014267212,0.7437419
48c43fd2-dbf0-4055-9395-6f2e7f49768a,extrinsic,0.8823564,0.0072802594,0.110363364
ed60292f-849c-4db3-bf9f-31d536fe9aa0,no,0.022229237,0.95710444,0.02066633
b1173972-cab0-4c2f-a810-d9c8ff4840e2,no,0.010806114,0.9755005,0.013693357
e057259f-a769-40a4-b2d4-24abb97d98bb,extrinsic,0.8725949,0.028236525,0.0991686
30b4ecd0-148d-4c00-b527-da89c07d594b,extrinsic,0.90591913,0.023990883,0.07009
6d78e025-49e3-485b-8dc8-f58891752621,extrinsic,0.96438384,0.0068397014,0.028776454
66c9658d-0bd0-482e-8bcd-3ebab84f0de4,no,0.015966495,0.96734893,0.016684605
47cbae59-4316-4039-a89c-bddb66f93ade,extrinsic,0.99210757,0.00070592767,0.007186436
61d46801-7713-4ae7-8ea4-1c86962eba43,intrinsic,0.03005136,0.28811333,0.68183535
ed0ebecf-ee4f-42de-a44f-afc81968d087,extrinsic,0.9646023,0.0036922223,0.03170554
69f134bf-714e-441f-a87e-c5298e4971f0,extrinsic,0.9671455,0.007784854,0.025069652
939c2ea3-2779-4f43-9dda-75592496a35c,intrinsic,0.028574012,0.005401872,0.96602416
50a7e15c-1ca1-4744-b331-4e4772e376bb,intrinsic,0.012655218,0.001986493,0.98535824
6ccd0006-800a-45c6-89e8-1b0a0b59239b,extrinsic,0.95878613,0.0028213582,0.038392402
b92d18a1-af2a-4f8b-9e63-6ad36e30b185,extrinsic,0.96649843,0.001805741,0.031695824
8fcace8a-3050-4209-86a2-9ee2ca66ad2c,extrinsic,0.8156448,0.03901252,0.1453426
fba52ed7-c354-494b-847e-09d0d07005b8,extrinsic,0.9109695,0.006878716,0.08215178
d6c07ced-c421-4ca9-b839-33af011ff07e,no,0.0029223925,0.993341,0.0037365956
962d24d1-c421-42ac-b64a-bcae31718c2e,no,0.037723802,0.9096042,0.052672047
1c227b0b-ffd6-4cb7-b582-6739fadc2fd4,intrinsic,0.15396823,0.010038488,0.83599323
a85f2199-fff2-4212-aba6-7ca08c97784f,extrinsic,0.9551642,0.015212537,0.029623274
0d65e7e0-942a-44cf-af01-b0e4063261fd,extrinsic,0.95584035,0.002192545,0.04196705
cb6508c1-78c7-47f8-8255-03a617a9e44d,intrinsic,0.3076143,0.032679208,0.65970653
f6e4e860-a4d6-4e3f-8c8c-c5f532963286,intrinsic,0.017713122,0.0012343253,0.9810526
7b9c9e95-a5fd-45b2-8df7-bf34a58d19a5,intrinsic,0.010075146,0.002696929,0.9872279
d6034b67-93f6-4638-8c4d-a60ea313d47e,intrinsic,0.009040461,0.00089378847,0.9900657
cd10345b-bc65-403b-bf0e-7301047466c8,extrinsic,0.9627995,0.0025856125,0.03461483
90897a80-4362-42da-bbe5-d423943029f0,intrinsic,0.12077895,0.001454583,0.8777665
fe962319-b666-47f5-be00-d0b92dd43526,extrinsic,0.9649191,0.0045897295,0.030491158
fae9db9c-d403-4d2f-94c8-0a5a5faffeb2,extrinsic,0.9765609,0.00076208403,0.022677056
282a48b0-fc0d-4184-87cd-6625c79c277a,no,0.0069439854,0.9879611,0.0050949664
33cac6f2-ea3e-4752-8785-f3fe73f5cf5f,intrinsic,0.007578329,0.0007703887,0.99165124
1c1d4230-cbca-4ebe-b76c-08e0fd71de76,intrinsic,0.0065059764,0.0009541971,0.9925398
b4f2430a-6956-402b-8eb7-b3a226dad723,no,0.0035616814,0.9913016,0.0051367264
c9187bbe-e388-452a-ab2e-98d79231c2e9,intrinsic,0.11404665,0.0043177633,0.88163555
0b136a2f-9895-43e1-b4ce-bfdea1970bad,intrinsic,0.055738375,0.04687013,0.89739156
0002b256-3853-437c-bf7b-587c38ed3c6f,extrinsic,0.8836346,0.013190983,0.10317439
8d072c3e-3c4b-4914-82b1-68236b2aabd4,no,0.0037347802,0.98937166,0.006893647
a21b022a-37c1-46b7-ae84-08908416b6c6,intrinsic,0.022248691,0.009036367,0.9687149
c9f50e8b-a0c1-471a-a08c-3dad80f844fb,intrinsic,0.011472232,0.0008281524,0.9876996
c18ac64c-fe23-4a3e-ac9b-ce885b3741a6,no,0.052843023,0.8537556,0.093401365
71fd5ac4-3260-47dd-ab77-83ea229713f9,extrinsic,0.9281566,0.016683102,0.05516019
f4516227-3150-42c0-8deb-a74e7c2683d2,intrinsic,0.004372095,0.0020829705,0.99354494
6a1e62da-1fc8-4ddb-aa72-c835759a3c09,no,0.01829937,0.9659327,0.015767943
081f819d-d587-44ff-8c6a-c3ca2e31e624,intrinsic,0.005331402,0.0010242668,0.99364436
53b0db6f-f711-4dea-a66b-ecf0c197f35a,intrinsic,0.01419078,0.0010683375,0.9847409
6a221f4a-1f09-4275-9a85-9f60f432dc47,no,0.0056203115,0.9863131,0.008066591
c1c71731-78cb-4a15-ab4c-e4ce8050b335,extrinsic,0.94154894,0.01930842,0.039142616
53cabad9-defa-4d0c-9dec-46be4ce52af2,no,0.046820946,0.74629104,0.20688805
c05dad12-28d8-4ae2-aac8-d276bdb522a5,intrinsic,0.0041629532,0.0016957496,0.9941413
65feb833-175a-4bcf-bb68-f0aeecd1e0f4,extrinsic,0.78014964,0.002891484,0.21695888
73e5d11c-da79-403e-b736-9811f3af4cd2,no,0.019579839,0.96519256,0.0152276205
aa5a7631-8f13-4f5a-8292-f031c14b9dc1,extrinsic,0.914339,0.0024051263,0.0832558
2ce4e36e-f140-4bd2-9233-367a65c54343,no,0.005660178,0.9877149,0.006624923
37cd1f09-5327-44e0-b8b3-504067761929,extrinsic,0.98346806,0.0030277595,0.013504103
9873cd5c-d0ab-44ed-ae90-174ea06caf2b,extrinsic,0.835989,0.07474158,0.08926941
1e4fe459-3075-4168-965d-0b45e547a93c,intrinsic,0.23192105,0.0032554816,0.76482344
0eb00e70-450a-403a-8062-368e2668bfe6,intrinsic,0.0024391932,0.00050469703,0.9970561
15675da8-3295-49b9-a3e5-a4c7ce0c140a,intrinsic,0.01930368,0.0009970333,0.9796993
245baa45-8005-4345-b59f-2c9f9d075d40,no,0.0119632725,0.97644186,0.011594875
3ceeb950-9784-4896-b6f5-8a8b156e42bb,extrinsic,0.9392852,0.015053557,0.045661245
2b813f2b-6543-4165-83c1-b672b0fad10f,no,0.08759159,0.8568555,0.055552866
ba615675-efe9-4823-bc97-62940b126b63,extrinsic,0.9228477,0.023167847,0.053984433
fc350443-db1e-4ae4-91a0-ceb5c0413b41,no,0.010859753,0.9813169,0.007823266
095bb56b-fe88-4e04-a880-ac32a8be95b4,extrinsic,0.9911957,0.0007580795,0.008046154
4502c0c3-7dd3-4da5-9584-81111fb74f7c,extrinsic,0.982226,0.0024815586,0.015292376
7680743c-c378-4fa7-981b-fc78da87b54f,intrinsic,0.19531086,0.0050362195,0.7996529
59873c5a-99c8-4592-ad23-bf4f4237f8fa,intrinsic,0.02634436,0.0010777387,0.9725779
fdd945f8-a656-42b1-9976-ea7a282501a7,intrinsic,0.0014907491,0.00042938197,0.9980799
480dee90-77b4-40a1-bad5-40ee8e1c388b,intrinsic,0.03365331,0.041195195,0.9251515
e3f6016f-52cd-454c-8653-260b454d597d,no,0.067183316,0.9059901,0.026826557
3d83aedb-cb68-4170-bb9f-d9d125444e7f,no,0.051230907,0.9254116,0.023357593
224236a2-6bd3-45c6-8a82-8fd4e68129f3,extrinsic,0.5069164,0.04258986,0.45049375
ac16cd97-2f15-4571-a584-8b92696635a7,intrinsic,0.010192402,0.007980345,0.9818272
59cc6648-f0ad-4360-a5dc-6e5f1f10db95,no,0.0063909194,0.98427194,0.009337059
96757b8b-eaf9-4326-91c1-f84610238344,extrinsic,0.9623536,0.005723739,0.031922717
84802556-9476-42fb-a404-3c3738d9e561,no,0.0044006035,0.9874154,0.008184067
2a074e18-047b-4ebf-ae58-a505d1dba279,extrinsic,0.89209384,0.05523094,0.05267529
cc9b0f5e-4784-436c-8bc1-3e268b5de377,intrinsic,0.0064933253,0.0016178478,0.9918888
ecc434b3-5555-47f2-a11d-50851df8bcd2,no,0.015369065,0.9781026,0.006528393
5f7ac773-6403-4fab-988c-419a38e7b73d,intrinsic,0.003765084,0.0006241496,0.9956108
ad85b10f-8bfa-466e-aba9-c10e9c785bfe,intrinsic,0.012458213,0.0026183357,0.9849235
20232941-6b24-468d-a934-234e78e54ebb,extrinsic,0.95504206,0.005848453,0.039109435
601a1751-82b5-4aa2-804a-9d730c7550bb,intrinsic,0.004785541,0.0006847787,0.99452966
25cb7baf-2a42-4a30-892a-e87a095dbaf8,intrinsic,0.0058699716,0.0009003593,0.9932296
dd9ec0db-80ef-4c0c-bacd-d31830a099bf,intrinsic,0.021219688,0.0008102087,0.9779701
74b7d837-eca2-4a5d-bebe-8138b94395b5,extrinsic,0.9702324,0.010434835,0.01933283
58dffe1d-0490-4906-a8b7-e48e0611b138,intrinsic,0.11994214,0.16945712,0.7106008
6d91992c-fd33-45f8-8438-2161f1a674d5,no,0.12579904,0.7930633,0.08113772
363db022-bbcd-40b1-aa03-88ac8675eb0d,no,0.019011728,0.9712219,0.0097662425
65bc915b-1ebc-4270-8560-60145fef1f00,intrinsic,0.020385802,0.00092920236,0.978685
4a6bc730-2ffd-474e-ac9d-7a22c5899b4a,no,0.006857612,0.97800964,0.0151327
f41c73dd-c5ea-4ee1-a92a-6241cf03c97d,extrinsic,0.8458486,0.0070413104,0.14711016
d5ea5697-233b-4898-a8be-cb291a87321b,no,0.017564878,0.958687,0.023748139
15e0875b-c204-40fc-95bf-d7ea5a044f26,extrinsic,0.81193227,0.00484905,0.18321869
8c84a54f-118d-42a6-be75-515539b13461,intrinsic,0.009571179,0.0010471366,0.9893817
3d6e5f07-1c29-4738-999b-403920f180b9,no,0.013597941,0.938454,0.04794811
b6fe2e40-2594-45a0-a805-46e07a0dd0ff,intrinsic,0.01770594,0.0059905103,0.9763035
44091ea8-c1ce-418e-8102-4c88af68f8c4,extrinsic,0.94959795,0.03447723,0.015924763
d1b5bd1b-7078-4500-862f-2cf1f924cf41,extrinsic,0.8727712,0.055065174,0.072163664
76e4949a-8afc-4a3c-b671-4e9b2921fefe,intrinsic,0.061554946,0.061936457,0.8765086
11b1688a-4357-4e29-ad84-37bb8e0256d5,intrinsic,0.053579163,0.0019368336,0.94448394
1c0640f3-7e02-413c-bfcd-c0d34091ce4c,no,0.012395217,0.97730905,0.010295748
e2b205e4-35dd-4175-9b8c-cfa2509cd05a,intrinsic,0.024682812,0.0027674504,0.97254974
a80981b4-4ea6-4b5a-a4fc-81a02f93ddfa,extrinsic,0.98407423,0.0015791788,0.014346639
2b52dca4-6c8b-4534-858a-c0a07e3d0d3b,no,0.006817715,0.98249704,0.010685209
4cfd93e4-eecd-413f-b293-3e29386f13b2,extrinsic,0.95257187,0.0075328476,0.039895307
67429bc8-1e12-4fb7-be91-3179786f4459,no,0.0033989965,0.9915153,0.005085697
d8ee6f7c-b182-41e3-82ad-fd9e928484dc,extrinsic,0.9784226,0.004165964,0.017411513
09884f26-1d92-48e3-aba7-374479f86098,intrinsic,0.3259091,0.12441565,0.5496752
edd98ed8-5e1b-4cfc-b792-b9206710eefc,no,0.02033401,0.9733874,0.006278491
7dca0fc4-8329-45e6-9a8b-5dac389e2b58,no,0.005483914,0.9882647,0.006251379
6ab7a59a-1e6b-4cbd-9dc6-93809e02f05d,intrinsic,0.009685167,0.0012886502,0.98902625
df3b1e3b-eec8-417b-ac7c-a0e5e6e51484,extrinsic,0.35602254,0.31339622,0.33058122
8acdc9fe-4343-4805-8dc0-a3d79e0cc9b4,extrinsic,0.93586403,0.01338841,0.050747577
f5ab4f5b-026a-4b40-868d-e3aa32cf2037,intrinsic,0.008852758,0.0008282939,0.990319
c9054cd0-46df-4dc1-8541-65fe96a3dd1d,extrinsic,0.41707227,0.16631866,0.41660914
42a0d02d-3f31-4b05-9bb6-4145dbabfb84,intrinsic,0.008202985,0.0007500935,0.99104697
1014e897-5e22-4060-ab5b-90686e3813fa,no,0.017699497,0.96586686,0.01643364
710c20c8-8752-4e2d-b100-0dcfde1004bc,no,0.017667726,0.965854,0.016478287
5818e709-b0d6-4c0c-a5d9-50f27c653ff2,no,0.009615945,0.98154414,0.008839982
3453630b-e1a9-4c06-87ce-56d326f2849d,extrinsic,0.9529072,0.0049233977,0.042169333
47181dff-66f0-47c1-bca7-09a7b80dcbd3,extrinsic,0.936473,0.01500493,0.04852204
8d55a4c8-02e1-4103-b2d0-3126654e7759,intrinsic,0.0057436125,0.00097419525,0.9932822
dcab1366-6434-4c99-b339-8b0592b55959,no,0.009850988,0.98262656,0.007522528
89fd7059-6b26-46db-be1d-b145d5342b49,intrinsic,0.024179244,0.0028379108,0.9729829
3142b392-403b-437d-9793-1557f425d460,intrinsic,0.010716469,0.00085844856,0.988425
99bc23b4-40b5-4109-b748-38dfff0fa6df,extrinsic,0.7582913,0.0493774,0.19233137
3740fbcf-67a6-4443-97ef-9222df992215,intrinsic,0.16676779,0.0043455884,0.8288866
f46b291b-fd44-4be0-82ee-be61d9601d79,extrinsic,0.9218101,0.0022143081,0.07597554
5417f9fa-e8a1-42f3-b5cb-e2645af8ff0e,extrinsic,0.9254961,0.018654767,0.055849057
51ea1edf-ccf3-4915-aca0-0d143f996d20,intrinsic,0.3167508,0.0033472122,0.67990196
ad886caa-1716-42ed-acf8-2ec9058bd6d3,intrinsic,0.085141465,0.0067370045,0.9081215
d5c16384-8edd-4c33-9283-71818a6a9d6e,extrinsic,0.7036833,0.16416581,0.13215089
5b78bfc2-0de3-4ac8-99f2-9aedadd428ea,no,0.038484816,0.9433341,0.018181004
5b7bc936-885d-416e-8e93-4b8edec4b85a,extrinsic,0.94648314,0.0043860697,0.04913086
9e37cc4c-647c-44a2-acb0-63df2b74858b,intrinsic,0.33712333,0.005896711,0.65698
bc958fc7-a8ac-496d-95a8-1d4a81f3eb43,extrinsic,0.73982304,0.0852116,0.17496538
63417834-d754-4895-8cd3-fa861a9daaca,intrinsic,0.0026502686,0.0008713834,0.9964784
8c8a180b-9d99-44b3-8d4d-afc6daf87f74,extrinsic,0.95998555,0.006038781,0.03397571
dc659c03-3866-42db-91ec-563ded26de8b,no,0.029867027,0.93030196,0.039831042
1a1e1374-59f2-4a77-bf25-9bc95bd2694a,extrinsic,0.9091263,0.0135364365,0.077337325
addbb3d6-e894-41db-b532-c82caa108363,no,0.23241834,0.53315926,0.23442237
8de1a4a4-8b19-4c4d-9d9b-931baaf95ced,extrinsic,0.88216645,0.006578915,0.1112546
6e8466ef-f504-492e-9c6f-a40638a0e60b,no,0.0077513624,0.9857648,0.006483823
239a7fbc-9328-4d9e-9d28-fa29a70d5d56,extrinsic,0.9447998,0.039147872,0.016052369
8e876e46-5e53-4cd2-8477-e50b87ce0977,no,0.0040600193,0.9918848,0.00405513
2521e017-88b9-4c9e-b565-9a105ae62256,intrinsic,0.012389563,0.0010662412,0.9865442
a9c3f1cb-3ab8-4553-a9b8-dbb688aa4bf8,extrinsic,0.83131313,0.01405081,0.15463598
e6f330dc-7c68-46db-b120-3d09aa96835e,no,0.24865001,0.6866883,0.0646617
cfdbe4db-9fde-4798-9139-988f63ff8a10,extrinsic,0.9757361,0.002657905,0.021605987
a69e6c4a-0984-4757-8edc-85e449af5649,intrinsic,0.4803579,0.0050035175,0.5146386
4942f74e-fa2e-4680-a48e-504f3740915e,intrinsic,0.031600244,0.0011496083,0.9672501
e335f5e6-1dc5-4c72-93d5-5c10afbd0462,no,0.0036197468,0.9900213,0.0063589057
3bae0334-88b6-4272-92fa-f2592edaf78a,no,0.008914467,0.9772149,0.013870584
e5aae8d2-e857-4a7d-bdcd-a5ebfdec791a,no,0.014232771,0.9673573,0.01840995
8541a159-ba02-41a8-aacf-2882cb934d04,extrinsic,0.98744476,0.00063442317,0.0119208
0e7db9f3-839b-452c-adb3-f0d10d8614c4,no,0.014801768,0.9434035,0.041794762
4ee9c4cf-f361-4f5e-81ea-f2fd9b18de28,extrinsic,0.96726936,0.0027974322,0.029933117
93efe370-c58d-4073-940f-7d3a5467ecc1,extrinsic,0.9488292,0.00392593,0.04724494
cf67f640-ae6f-419f-84f3-a5b33a8ea139,no,0.024679428,0.95536107,0.019959524
1f962f7f-4849-4188-acf5-b999dc8e6159,no,0.08180841,0.6573795,0.26081213
d525aeec-d311-44a5-b308-88fc1be28645,extrinsic,0.98380315,0.0035419832,0.012654896
e6c6abd2-27a6-45f9-b06e-567bb19ad510,extrinsic,0.96278036,0.0023954734,0.03482413
27af646d-6fa3-4d53-8fc8-70e8f6a4bc75,extrinsic,0.89575124,0.009257988,0.0949908
8c876984-98d8-4302-93bd-93b7f77d96c5,extrinsic,0.97062445,0.006823554,0.022552093
92f2108a-686c-43a3-ae96-78eeca89aa8e,extrinsic,0.9843985,0.00061387435,0.01498762
00b3d0a4-1847-448e-b3cf-7bbaa886d89c,extrinsic,0.90169233,0.077898785,0.020408848
923e9909-4787-443d-ac2d-32bbcc7f657c,no,0.012079551,0.97724026,0.010680152
ad38ee1c-6d7a-4748-842b-4d73376f5f9c,intrinsic,0.1166491,0.004617357,0.8787335
955ac121-6601-445e-842f-6a47771c6819,no,0.015366012,0.9742148,0.010419254
378b9bf8-338d-4b4f-90a1-fb3a708a15d7,no,0.0035668525,0.9924758,0.003957363
4076006b-12ab-42c4-870f-e41ad89ea6be,extrinsic,0.7038575,0.072974354,0.22316818
7dee34b9-d97c-48b9-9a5d-ba2b35f22f05,no,0.009583158,0.96616,0.024256874
82350664-be88-4610-9254-90d1bda92c12,no,0.0073844744,0.97443557,0.018179929
3b6a5999-1b2e-4603-a689-3f7b4d661c3f,extrinsic,0.9351745,0.003449071,0.06137633
5c17b718-881d-449b-b49e-ccb228ca5383,extrinsic,0.91723657,0.008610035,0.07415345
99063a76-b2b5-47a9-8ba4-92e9e9c4d756,intrinsic,0.34247282,0.0019735205,0.6555537
687eb967-5692-481c-856c-6863ef541c7b,extrinsic,0.90889436,0.0036209545,0.08748466
041fbb2d-53ad-4f9a-abea-1d81931fefaf,extrinsic,0.6508909,0.0073482273,0.3417609
aed93d75-7ed0-443e-832c-5a0ec3f2c47b,no,0.0032785921,0.9920827,0.004638734
3064b586-e983-495a-b331-3621c580e203,extrinsic,0.5091644,0.038384713,0.45245087
dfae3ba1-3f97-463c-b2dc-d25041b4fd76,extrinsic,0.66934067,0.2950382,0.035621163
96e6d519-8016-4e27-bf42-e9b3bb7728a8,intrinsic,0.07641682,0.0012399865,0.9223432
2fea559e-f778-460c-9602-91f9420f041b,no,0.04376529,0.927547,0.028687792
7b85bfd6-9981-4da9-903e-69ee85b0256a,intrinsic,0.026336983,0.027933989,0.945729
144ecc9c-7779-408d-ac29-4938c99262d3,no,0.04360867,0.7243768,0.23201446
6a5116fa-b9a5-43a2-8f4a-743b8ac1da36,extrinsic,0.8963276,0.07590098,0.027771408
9234ba21-144f-4e8e-ad76-65654e210635,intrinsic,0.0086928075,0.0013936148,0.9899136
f23854dc-0457-4715-85e6-da655d3d427d,extrinsic,0.90245134,0.009039939,0.088508785
bb5600c5-6959-4f55-acc4-2016cb085b86,no,0.122820206,0.6565828,0.22059695
1c6bd8ad-1525-49be-9f51-44dbf231f174,no,0.16416956,0.4542537,0.3815767
28d8dd19-3c27-4eea-84ac-15428e67c24e,no,0.007952927,0.9847179,0.0073292176
61feeb94-b46b-4068-9912-67c2ef0a5a74,intrinsic,0.14029275,0.008288709,0.85141855
78a80a85-d373-48d4-91ca-1c7dbc4be575,extrinsic,0.9635036,0.0033535657,0.033142902
0f64dda1-7755-49ae-8c96-1f502d03071f,no,0.0058649564,0.9882101,0.005924995
5d918e76-0242-4e79-8647-339ada14bfb4,no,0.0045841476,0.9880007,0.007415169
f4228dcd-2624-493b-a048-39c40378683e,extrinsic,0.94950104,0.008539061,0.041960012
77c61fcd-40cf-46c0-9e40-f5e98d3a1965,extrinsic,0.93994766,0.0032420212,0.05681027
c92171d9-9b76-4abb-8646-3f529c752603,intrinsic,0.0047975047,0.0015420164,0.9936605
e05f15fc-9c0b-454b-933c-3216e1fc7e0a,intrinsic,0.0051551433,0.001397068,0.99344784
b8d39835-0a7a-4dec-b3f6-c3124968c851,no,0.004396692,0.9886485,0.0069548627
4a215f96-199a-4b1c-a6d0-d0f8344b644e,extrinsic,0.89832467,0.0022329923,0.09944226
0bee5543-7afb-48b1-97c4-3ba673fc1be9,no,0.009283778,0.98067564,0.010040523
9aa5d015-8df8-48d8-aa22-5bb3f5d2a454,intrinsic,0.059155263,0.007151975,0.9336928
c507856e-fb00-40fb-abe0-dbd911feb893,intrinsic,0.2532329,0.059381556,0.68738556
2b1f3788-89f5-4229-a064-9715f923ab32,extrinsic,0.9908886,0.000514302,0.0085970955
ed884828-be4b-4ee2-ac34-43f1ffa8b780,intrinsic,0.35833538,0.01873912,0.6229255
a229ed57-fa8b-4d79-bc30-49f3d40491cb,extrinsic,0.84902453,0.04587279,0.10510272
1e093bff-bf74-47a3-adc9-0642f1c88649,extrinsic,0.97426164,0.0028119863,0.022926306
9f3eb778-9af0-4a14-aa2f-abfde6fad9c3,intrinsic,0.15696,0.005999018,0.83704096
2c5d52f7-3809-4ffd-93be-dcfb819307bd,no,0.004263881,0.99064773,0.005088288
efeae046-f5a4-4a41-a2c6-4e0083d49cfb,no,0.010639496,0.9751482,0.014212299
3d8544ff-7932-400b-93d8-ca62bbf02c48,intrinsic,0.018957544,0.0008246169,0.9802178
c51c97b2-24f5-453b-9e6b-c7e2589666e4,extrinsic,0.972224,0.0028810645,0.024894912
10dae80f-1150-466e-8fe6-d954abb4a173,intrinsic,0.26623583,0.008182401,0.72558177
d1a1abdb-ff1c-46a5-bb7e-47462c675416,no,0.007318703,0.96823174,0.024449527
f2326d77-ee42-4dc6-8a92-49243b06946c,extrinsic,0.9270602,0.01780426,0.055135492
888e82cb-a524-458e-8f16-34a456216472,intrinsic,0.003101637,0.000688544,0.99620986
9d5ea839-38d6-4a45-afea-b46c19891f9e,no,0.050858133,0.91256166,0.036580246
6baf3973-6f37-49b0-b404-a4e39a2d4d41,intrinsic,0.012988956,0.00091277354,0.9860983
ac13e156-10d8-4b9b-b1ac-2b0a3aedbf57,extrinsic,0.896026,0.027965706,0.076008305
885254ac-5321-4127-8716-908b0deb3204,no,0.0042007044,0.9877759,0.008023357
c422a146-5f63-4303-8d51-f877a16f4538,intrinsic,0.010548103,0.0030288105,0.9864231
fa935a3e-9329-40c3-8a0e-036bfca394ea,extrinsic,0.9379436,0.009477023,0.05257943
6fd261a7-8f0f-44c4-bb23-ccd11bfcab98,extrinsic,0.956033,0.0012370952,0.042729963
860f2469-5102-481e-9028-d1525aa76af9,no,0.010297823,0.97194767,0.017754497
bc7c420d-9e8f-4c03-8cbd-cd82a3f8619b,no,0.004784119,0.9888026,0.006413144
33a1ca5c-6eff-46e1-9fa0-bf6f036e61bc,intrinsic,0.015568524,0.013173238,0.9712583
9eaeb929-016c-4ca5-9a4f-b269566d00ea,no,0.028368395,0.9610886,0.010543048
ee669cde-33c7-47a4-a3e8-a8cb96a32ada,intrinsic,0.009133565,0.00060693786,0.99025947
17b16478-202d-4b21-a05a-7eeb426cda15,no,0.0060965004,0.98608494,0.007818493
9e67bcee-c636-41f3-952c-4ef98ea2e165,intrinsic,0.03415181,0.015056885,0.9507913
e05f67e4-d682-47b6-b602-ea2bf526d00d,intrinsic,0.01324554,0.0012299258,0.9855245
bb598be9-e775-472c-9695-67210743014c,no,0.28066784,0.5592083,0.16012397
5d4237b2-bc93-4fe2-9d7d-643e1296d625,no,0.019489612,0.97088754,0.00962293
90210d73-c819-439e-a137-fbd368d02306,no,0.005061398,0.98745954,0.0074790665
1d902d40-364b-4a34-93bd-2b30e792d49e,no,0.0071567637,0.98566353,0.0071797124
3b356b29-2d33-47a3-ae23-c37b0080188e,extrinsic,0.70147026,0.22510189,0.0734279
1b87c09c-c690-47fb-9045-87f4a76b8216,no,0.011352433,0.9787553,0.009892339
99c8253d-ee92-4f3f-9768-3d437299f592,intrinsic,0.004053066,0.000992402,0.9949545
2fcd2866-a524-4af0-b05e-07c7a428c539,extrinsic,0.9564388,0.0011366275,0.042424574
22d8893d-d055-45a8-9596-0ad86a06390d,intrinsic,0.03478788,0.0012763966,0.9639357
554daf23-25ba-485d-8d3e-b81522d3d484,intrinsic,0.4909421,0.0060578394,0.5030001
602f79e3-a21d-46a4-b68c-9da3584888f2,extrinsic,0.91570723,0.009964062,0.07432865
8425135b-0293-4178-86cb-d8372fe3eee8,extrinsic,0.87692493,0.002251001,0.120824024
061a1fef-56db-488e-bb70-50afc873ef69,no,0.035017237,0.7018729,0.26310992
50b153fc-236f-4e6c-81a1-0e551c8eb514,extrinsic,0.96596766,0.0027496435,0.03128275
8a172e12-7c23-41a8-9b7d-656e8fdf3657,extrinsic,0.94233555,0.005549725,0.052114736
8b953ca9-263c-46ee-8680-751aafe12087,extrinsic,0.8919811,0.019782502,0.08823639
9b0c73bc-0d8c-4772-83f3-4e25cbf5d89c,intrinsic,0.004073108,0.0017165402,0.99421036
7843f8db-6e47-43fe-a84b-19dd89fa1070,no,0.2715568,0.67772555,0.05071774
54cb7159-f5bc-493d-947a-eea8348a7acd,no,0.009030835,0.98026305,0.010706145
04790231-0a08-43ae-8dbb-34760a5c35b0,intrinsic,0.042098552,0.016100736,0.9418008
efca319c-b8ec-4331-970c-2d78b72c1ac0,no,0.013209383,0.9758612,0.010929491
2aa18935-9cb8-4b20-adab-226df4eb35d1,extrinsic,0.75864583,0.029320749,0.21203342
08309188-2971-47f4-bb80-5bba7e1019c1,extrinsic,0.36700282,0.28623793,0.34675926
4f6f650a-b8a2-434d-8eac-43c19c1f0d76,no,0.008330699,0.9822391,0.009430174
2dee22e7-92fe-4759-b3bc-0af8dbdd8ecb,no,0.017713895,0.9619032,0.020382881
66a4f863-e80d-4964-9a54-a61dc996e149,extrinsic,0.58724755,0.28116626,0.13158618
fc894995-c76d-4d31-bca7-b7df9babb0b7,intrinsic,0.015412235,0.0009889135,0.9835988
2df0c777-f07f-48ec-9386-238e732c6228,no,0.005523677,0.9864704,0.008005993
72d953d8-ba27-477c-9829-308b8516dbad,no,0.10265128,0.77114594,0.12620275
53cced85-1dbb-4633-ad78-ccc59fe423bb,extrinsic,0.97876453,0.001744397,0.019490996
6135b6b1-b097-478e-8c6f-abdec1568220,intrinsic,0.007862537,0.00087755825,0.9912599
8523316c-9805-4c93-b301-96379aeaeebc,intrinsic,0.39205667,0.0010660484,0.6068773
b8d26266-bf50-45b5-8199-e09916ce6a06,intrinsic,0.0369958,0.0020889242,0.9609153
c2c52769-83c3-4e51-895e-c2be9511c811,no,0.08968977,0.76520616,0.14510411
0116f941-4306-43e8-b3be-11ae76d99b10,extrinsic,0.6215526,0.07206556,0.30638188
68d8ac9f-2913-434b-99b6-f1c555492fa9,intrinsic,0.21361868,0.20388661,0.58249474
1c0d9384-c5d5-488c-9171-b0876dc4ecd6,intrinsic,0.0031856927,0.0007253362,0.996089
04a71085-80f5-4b91-92aa-2c877dcea7a5,extrinsic,0.9619562,0.011278752,0.026765062
77818801-fe49-4620-89a4-cf7a168e56d4,no,0.021280829,0.93859845,0.0401207
1d5423c2-fc4b-455b-affc-c6d1c2dba308,no,0.014133747,0.97009146,0.015774779
f5dc796b-404d-414b-ba61-63d2598a99e3,extrinsic,0.95290995,0.0073653287,0.039724737
5a1692a8-853d-4e60-8ab9-0a029e4a4582,extrinsic,0.946413,0.0083999485,0.04518702
2e530155-f949-454c-af3e-57563d99c003,extrinsic,0.95158595,0.006982008,0.041432034
c0d6b0c9-9460-4585-bbd6-f050bc0d8ab8,intrinsic,0.12661202,0.016876826,0.8565112
a9c63e0e-78eb-4537-90ef-5ae79278e3a2,intrinsic,0.003269465,0.001175021,0.9955556
88bba555-c192-4200-9570-49a7d71faf25,extrinsic,0.94394827,0.009010044,0.047041684
31d01e00-e701-4bf0-a3c5-4dd566fe8728,no,0.01186457,0.96827537,0.019860085
e602b5c0-cc35-49d5-b7b5-11ca77fc5470,extrinsic,0.66243786,0.009925637,0.3276365
1ce9975a-7b14-4cfc-91dc-d17fd726b7f9,no,0.34802014,0.5567946,0.095185265
24e4ec3a-49b3-4a92-af97-715dbeef3996,intrinsic,0.31187117,0.112555705,0.57557315
58a99857-65c9-4c0e-9d29-715d8d658ed5,intrinsic,0.0075475313,0.00054304505,0.99190944
6730bfde-640b-4e61-bc4e-3e8d3ceaffb7,no,0.006137451,0.98697054,0.0068921098
d91759cd-0dd3-45ae-a5cc-0af379e90a70,no,0.037582256,0.9369454,0.02547235
dc085561-fa6e-493b-81dd-6f015925f84f,intrinsic,0.016617911,0.0014467849,0.9819354
d46cd410-66c4-4a11-9801-b12d6d913700,no,0.0065426677,0.98373866,0.009718703
1d85f28c-d1dd-4d89-af30-2c998c622df4,no,0.0047539566,0.9895287,0.0057173534
207f99d2-b0a9-4d9e-87f3-bbb8299a83d3,intrinsic,0.0074985316,0.0010995633,0.99140185
985e0875-c966-4dfc-8916-e2758508bfa3,extrinsic,0.9740068,0.0072787846,0.018714532
11f15388-830b-4e8b-a95f-7213028257e2,extrinsic,0.5645613,0.28379253,0.15164617
bf276a6b-62e6-4ec5-8088-3820ba1c5b10,no,0.01248952,0.9724975,0.015012858
79a64ae5-7981-403c-afce-42fd0377b21b,extrinsic,0.8250215,0.096524306,0.07845424
49de5f3a-717c-4205-85b2-8bab9e3c812d,no,0.015148403,0.97470564,0.010145886
91c2b436-3815-4fff-9154-4f42461fbf9f,extrinsic,0.586337,0.013421827,0.4002413
0f1231ae-3152-4b36-ba08-f3835af69171,no,0.04682844,0.9132619,0.039909784
a027d5fd-3312-487b-8f10-4761cce6f7c4,extrinsic,0.9843358,0.0048565986,0.010807674
edfe5c25-48e5-4434-8d3c-b3f494258dff,extrinsic,0.91939855,0.0027888804,0.07781251
427d0ace-88a9-410f-b9b9-d292910b5a1c,no,0.0046392465,0.991516,0.0038447445
f0a34005-28e8-4133-9935-48be6e64f51a,no,0.05219781,0.7279372,0.21986493
f03fa63f-1d66-4d1d-99f6-582550460c1e,extrinsic,0.7967256,0.019146647,0.18412778
9c0cbd4b-a239-4ae7-8818-c29703f5368f,intrinsic,0.069335975,0.2195731,0.711091
3e6360c4-3f4a-4cc0-9cb8-aa88d5aa73ab,extrinsic,0.920022,0.006717176,0.07326082
a7ce3e0a-9f40-4284-a847-3e395c6d2d99,intrinsic,0.0455174,0.0015115006,0.9529711
34a351e9-da10-4a15-b370-2412d9e95fcc,intrinsic,0.008422378,0.0006854463,0.9908922
be16b564-c610-462b-98b3-6bb9980b7433,no,0.010588114,0.9817152,0.0076967203
e9eff2bd-f317-42c6-b7cd-14ca6101e5d8,intrinsic,0.0857862,0.00815685,0.906057
